a√±o,genero,cantidad
1874-01-01,Documentary,1
1874-01-01,Short,1
1880-01-01,Short,1
1887-01-01,Short,1
1888-01-01,Documentary,3
1888-01-01,Short,5
1889-01-01,Documentary,1
1889-01-01,Drama,1
1889-01-01,Short,1
1890-01-01,Documentary,1
1890-01-01,Short,1
1891-01-01,Action,1
1891-01-01,Comedy,1
1891-01-01,Documentary,2
1891-01-01,Drama,1
1891-01-01,Romance,1
1891-01-01,Short,7
1891-01-01,Sport,1
1892-01-01,Animation,4
1892-01-01,Comedy,1
1892-01-01,Documentary,3
1892-01-01,Drama,1
1892-01-01,Family,1
1892-01-01,Romance,3
1892-01-01,Short,9
1892-01-01,Sport,4
1893-01-01,Short,2
1894-01-01,Action,4
1894-01-01,Adult,2
1894-01-01,Adventure,1
1894-01-01,Animation,2
1894-01-01,Biography,5
1894-01-01,Comedy,6
1894-01-01,Crime,1
1894-01-01,Documentary,27
1894-01-01,Drama,6
1894-01-01,Family,3
1894-01-01,Fantasy,2
1894-01-01,Game-Show,2
1894-01-01,History,1
1894-01-01,Horror,1
1894-01-01,Music,2
1894-01-01,Musical,2
1894-01-01,Mystery,1
1894-01-01,News,1
1894-01-01,Reality-TV,2
1894-01-01,Romance,4
1894-01-01,Sci-Fi,1
1894-01-01,Short,83
1894-01-01,Sport,9
1894-01-01,Talk-Show,1
1894-01-01,Thriller,1
1894-01-01,War,1
1894-01-01,Western,4
1895-01-01,Action,3
1895-01-01,Adult,2
1895-01-01,Adventure,3
1895-01-01,Animation,5
1895-01-01,Biography,3
1895-01-01,Comedy,11
1895-01-01,Crime,4
1895-01-01,Documentary,31
1895-01-01,Drama,7
1895-01-01,Family,3
1895-01-01,Fantasy,4
1895-01-01,Game-Show,1
1895-01-01,History,3
1895-01-01,Horror,3
1895-01-01,Music,3
1895-01-01,Musical,3
1895-01-01,Mystery,3
1895-01-01,News,4
1895-01-01,Reality-TV,1
1895-01-01,Romance,4
1895-01-01,Sci-Fi,2
1895-01-01,Short,69
1895-01-01,Sport,5
1895-01-01,Talk-Show,1
1895-01-01,Thriller,4
1895-01-01,War,3
1895-01-01,Western,1
1896-01-01,Action,18
1896-01-01,Adult,10
1896-01-01,Adventure,15
1896-01-01,Animation,19
1896-01-01,Biography,11
1896-01-01,Comedy,67
1896-01-01,Crime,15
1896-01-01,Documentary,253
1896-01-01,Drama,42
1896-01-01,Family,17
1896-01-01,Fantasy,18
1896-01-01,Game-Show,5
1896-01-01,History,12
1896-01-01,Horror,12
1896-01-01,Music,16
1896-01-01,Musical,15
1896-01-01,Mystery,11
1896-01-01,News,13
1896-01-01,Reality-TV,7
1896-01-01,Romance,19
1896-01-01,Sci-Fi,10
1896-01-01,Short,413
1896-01-01,Sport,17
1896-01-01,Talk-Show,8
1896-01-01,Thriller,15
1896-01-01,War,8
1896-01-01,Western,3
1897-01-01,Action,20
1897-01-01,Adult,16
1897-01-01,Adventure,17
1897-01-01,Animation,27
1897-01-01,Biography,8
1897-01-01,Comedy,87
1897-01-01,Crime,26
1897-01-01,Documentary,146
1897-01-01,Drama,69
1897-01-01,Family,26
1897-01-01,Fantasy,22
1897-01-01,Game-Show,3
1897-01-01,History,12
1897-01-01,Horror,22
1897-01-01,Music,17
1897-01-01,Musical,13
1897-01-01,Mystery,18
1897-01-01,News,23
1897-01-01,Reality-TV,6
1897-01-01,Romance,27
1897-01-01,Sci-Fi,10
1897-01-01,Short,330
1897-01-01,Sport,19
1897-01-01,Talk-Show,5
1897-01-01,Thriller,24
1897-01-01,War,15
1897-01-01,Western,6
1898-01-01,Action,25
1898-01-01,Adult,11
1898-01-01,Adventure,19
1898-01-01,Animation,32
1898-01-01,Biography,10
1898-01-01,Comedy,86
1898-01-01,Crime,24
1898-01-01,Documentary,130
1898-01-01,Drama,78
1898-01-01,Family,29
1898-01-01,Fantasy,23
1898-01-01,Game-Show,5
1898-01-01,History,11
1898-01-01,Horror,17
1898-01-01,Music,17
1898-01-01,Musical,11
1898-01-01,Mystery,16
1898-01-01,News,28
1898-01-01,Reality-TV,3
1898-01-01,Romance,38
1898-01-01,Sci-Fi,7
1898-01-01,Short,260
1898-01-01,Sport,12
1898-01-01,Talk-Show,6
1898-01-01,Thriller,26
1898-01-01,War,27
1898-01-01,Western,9
1899-01-01,Action,10
1899-01-01,Adult,8
1899-01-01,Adventure,7
1899-01-01,Animation,19
1899-01-01,Biography,12
1899-01-01,Comedy,68
1899-01-01,Crime,14
1899-01-01,Documentary,71
1899-01-01,Drama,47
1899-01-01,Family,16
1899-01-01,Fantasy,22
1899-01-01,Game-Show,1
1899-01-01,History,12
1899-01-01,Horror,13
1899-01-01,Music,12
1899-01-01,Musical,8
1899-01-01,Mystery,7
1899-01-01,News,21
1899-01-01,Reality-TV,3
1899-01-01,Romance,14
1899-01-01,Sci-Fi,8
1899-01-01,Short,208
1899-01-01,Sport,11
1899-01-01,Talk-Show,4
1899-01-01,Thriller,15
1899-01-01,War,17
1899-01-01,Western,4
1900-01-01,Action,8
1900-01-01,Adult,7
1900-01-01,Adventure,11
1900-01-01,Animation,15
1900-01-01,Biography,9
1900-01-01,Comedy,84
1900-01-01,Crime,17
1900-01-01,Documentary,89
1900-01-01,Drama,46
1900-01-01,Family,14
1900-01-01,Fantasy,33
1900-01-01,Game-Show,2
1900-01-01,History,12
1900-01-01,Horror,10
1900-01-01,Music,18
1900-01-01,Musical,12
1900-01-01,Mystery,10
1900-01-01,News,5
1900-01-01,Reality-TV,4
1900-01-01,Romance,21
1900-01-01,Sci-Fi,7
1900-01-01,Short,232
1900-01-01,Sport,4
1900-01-01,Talk-Show,2
1900-01-01,Thriller,13
1900-01-01,War,9
1900-01-01,Western,3
1901-01-01,Action,7
1901-01-01,Adult,3
1901-01-01,Adventure,10
1901-01-01,Animation,17
1901-01-01,Biography,3
1901-01-01,Comedy,55
1901-01-01,Crime,11
1901-01-01,Documentary,80
1901-01-01,Drama,35
1901-01-01,Family,11
1901-01-01,Fantasy,31
1901-01-01,Game-Show,1
1901-01-01,History,6
1901-01-01,Horror,7
1901-01-01,Music,5
1901-01-01,Musical,8
1901-01-01,Mystery,4
1901-01-01,News,10
1901-01-01,Reality-TV,1
1901-01-01,Romance,12
1901-01-01,Sci-Fi,3
1901-01-01,Short,195
1901-01-01,Sport,10
1901-01-01,Talk-Show,2
1901-01-01,Thriller,10
1901-01-01,War,5
1901-01-01,Western,3
1902-01-01,Action,4
1902-01-01,Adult,4
1902-01-01,Adventure,9
1902-01-01,Animation,14
1902-01-01,Biography,7
1902-01-01,Comedy,53
1902-01-01,Crime,8
1902-01-01,Documentary,66
1902-01-01,Drama,44
1902-01-01,Family,10
1902-01-01,Fantasy,25
1902-01-01,Game-Show,1
1902-01-01,History,8
1902-01-01,Horror,9
1902-01-01,Music,11
1902-01-01,Musical,8
1902-01-01,Mystery,6
1902-01-01,News,9
1902-01-01,Reality-TV,1
1902-01-01,Romance,15
1902-01-01,Sci-Fi,4
1902-01-01,Short,178
1902-01-01,Sport,8
1902-01-01,Talk-Show,2
1902-01-01,Thriller,12
1902-01-01,War,5
1902-01-01,Western,1
1903-01-01,Action,11
1903-01-01,Adult,14
1903-01-01,Adventure,19
1903-01-01,Animation,33
1903-01-01,Biography,8
1903-01-01,Comedy,98
1903-01-01,Crime,23
1903-01-01,Documentary,96
1903-01-01,Drama,82
1903-01-01,Family,30
1903-01-01,Fantasy,46
1903-01-01,Game-Show,5
1903-01-01,History,5
1903-01-01,Horror,16
1903-01-01,Music,22
1903-01-01,Musical,10
1903-01-01,Mystery,13
1903-01-01,News,5
1903-01-01,Reality-TV,6
1903-01-01,Romance,33
1903-01-01,Sci-Fi,12
1903-01-01,Short,240
1903-01-01,Sport,6
1903-01-01,Talk-Show,5
1903-01-01,Thriller,25
1903-01-01,War,3
1903-01-01,Western,6
1904-01-01,Action,10
1904-01-01,Adult,7
1904-01-01,Adventure,11
1904-01-01,Animation,8
1904-01-01,Biography,1
1904-01-01,Comedy,76
1904-01-01,Crime,23
1904-01-01,Documentary,56
1904-01-01,Drama,53
1904-01-01,Family,6
1904-01-01,Fantasy,19
1904-01-01,History,7
1904-01-01,Horror,6
1904-01-01,Music,10
1904-01-01,Musical,5
1904-01-01,Mystery,10
1904-01-01,News,3
1904-01-01,Romance,15
1904-01-01,Sci-Fi,5
1904-01-01,Short,188
1904-01-01,Sport,4
1904-01-01,Talk-Show,1
1904-01-01,Thriller,10
1904-01-01,War,5
1904-01-01,Western,2
1905-01-01,Action,15
1905-01-01,Adult,12
1905-01-01,Adventure,13
1905-01-01,Animation,20
1905-01-01,Biography,5
1905-01-01,Comedy,65
1905-01-01,Crime,21
1905-01-01,Documentary,40
1905-01-01,Drama,65
1905-01-01,Family,17
1905-01-01,Fantasy,20
1905-01-01,Game-Show,1
1905-01-01,History,3
1905-01-01,Horror,10
1905-01-01,Music,12
1905-01-01,Musical,7
1905-01-01,Mystery,13
1905-01-01,News,4
1905-01-01,Reality-TV,2
1905-01-01,Romance,14
1905-01-01,Sci-Fi,7
1905-01-01,Short,152
1905-01-01,Sport,7
1905-01-01,Talk-Show,1
1905-01-01,Thriller,12
1905-01-01,War,5
1905-01-01,Western,6
1906-01-01,Action,16
1906-01-01,Adult,8
1906-01-01,Adventure,20
1906-01-01,Animation,23
1906-01-01,Biography,12
1906-01-01,Comedy,76
1906-01-01,Crime,35
1906-01-01,Documentary,72
1906-01-01,Drama,89
1906-01-01,Family,18
1906-01-01,Fantasy,25
1906-01-01,Game-Show,3
1906-01-01,History,10
1906-01-01,Horror,11
1906-01-01,Music,19
1906-01-01,Musical,17
1906-01-01,Mystery,12
1906-01-01,News,5
1906-01-01,Reality-TV,4
1906-01-01,Romance,28
1906-01-01,Sci-Fi,7
1906-01-01,Short,201
1906-01-01,Sport,11
1906-01-01,Talk-Show,3
1906-01-01,Thriller,18
1906-01-01,War,4
1906-01-01,Western,10
1907-01-01,Action,32
1907-01-01,Adult,16
1907-01-01,Adventure,20
1907-01-01,Animation,54
1907-01-01,Biography,12
1907-01-01,Comedy,142
1907-01-01,Crime,44
1907-01-01,Documentary,68
1907-01-01,Drama,142
1907-01-01,Family,36
1907-01-01,Fantasy,33
1907-01-01,History,20
1907-01-01,Horror,22
1907-01-01,Music,25
1907-01-01,Musical,14
1907-01-01,Mystery,24
1907-01-01,News,6
1907-01-01,Reality-TV,5
1907-01-01,Romance,54
1907-01-01,Sci-Fi,10
1907-01-01,Short,271
1907-01-01,Sport,10
1907-01-01,Talk-Show,3
1907-01-01,Thriller,40
1907-01-01,War,9
1907-01-01,Western,13
1908-01-01,Action,56
1908-01-01,Adult,27
1908-01-01,Adventure,43
1908-01-01,Animation,57
1908-01-01,Biography,23
1908-01-01,Comedy,199
1908-01-01,Crime,63
1908-01-01,Documentary,86
1908-01-01,Drama,270
1908-01-01,Family,52
1908-01-01,Fantasy,52
1908-01-01,Game-Show,1
1908-01-01,History,36
1908-01-01,Horror,39
1908-01-01,Music,44
1908-01-01,Musical,34
1908-01-01,Mystery,39
1908-01-01,News,5
1908-01-01,Reality-TV,5
1908-01-01,Romance,102
1908-01-01,Sci-Fi,27
1908-01-01,Short,462
1908-01-01,Sport,8
1908-01-01,Talk-Show,4
1908-01-01,Thriller,66
1908-01-01,War,20
1908-01-01,Western,25
1909-01-01,Action,57
1909-01-01,Adult,27
1909-01-01,Adventure,53
1909-01-01,Animation,80
1909-01-01,Biography,36
1909-01-01,Comedy,222
1909-01-01,Crime,72
1909-01-01,Documentary,89
1909-01-01,Drama,353
1909-01-01,Family,55
1909-01-01,Fantasy,54
1909-01-01,Game-Show,5
1909-01-01,History,45
1909-01-01,Horror,46
1909-01-01,Music,41
1909-01-01,Musical,30
1909-01-01,Mystery,52
1909-01-01,News,8
1909-01-01,Reality-TV,6
1909-01-01,Romance,102
1909-01-01,Sci-Fi,31
1909-01-01,Short,509
1909-01-01,Sport,11
1909-01-01,Talk-Show,8
1909-01-01,Thriller,74
1909-01-01,War,33
1909-01-01,Western,39
1910-01-01,Action,61
1910-01-01,Adult,37
1910-01-01,Adventure,53
1910-01-01,Animation,79
1910-01-01,Biography,33
1910-01-01,Comedy,226
1910-01-01,Crime,77
1910-01-01,Documentary,107
1910-01-01,Drama,328
1910-01-01,Family,79
1910-01-01,Fantasy,55
1910-01-01,Game-Show,6
1910-01-01,History,54
1910-01-01,Horror,54
1910-01-01,Music,39
1910-01-01,Musical,45
1910-01-01,Mystery,59
1910-01-01,News,7
1910-01-01,Reality-TV,11
1910-01-01,Romance,126
1910-01-01,Sci-Fi,37
1910-01-01,Short,499
1910-01-01,Sport,14
1910-01-01,Talk-Show,7
1910-01-01,Thriller,103
1910-01-01,War,30
1910-01-01,Western,65
1911-01-01,Action,107
1911-01-01,Adult,36
1911-01-01,Adventure,74
1911-01-01,Animation,78
1911-01-01,Biography,32
1911-01-01,Comedy,245
1911-01-01,Crime,100
1911-01-01,Documentary,120
1911-01-01,Drama,407
1911-01-01,Family,82
1911-01-01,Fantasy,82
1911-01-01,Game-Show,7
1911-01-01,History,47
1911-01-01,Horror,85
1911-01-01,Music,48
1911-01-01,Musical,43
1911-01-01,Mystery,70
1911-01-01,News,8
1911-01-01,Reality-TV,15
1911-01-01,Romance,167
1911-01-01,Sci-Fi,48
1911-01-01,Short,510
1911-01-01,Sport,11
1911-01-01,Talk-Show,8
1911-01-01,Thriller,120
1911-01-01,War,40
1911-01-01,Western,64
1912-01-01,Action,81
1912-01-01,Adult,51
1912-01-01,Adventure,55
1912-01-01,Animation,109
1912-01-01,Biography,42
1912-01-01,Comedy,331
1912-01-01,Crime,83
1912-01-01,Documentary,149
1912-01-01,Drama,439
1912-01-01,Family,94
1912-01-01,Fantasy,80
1912-01-01,Game-Show,8
1912-01-01,History,34
1912-01-01,Horror,85
1912-01-01,Music,34
1912-01-01,Musical,31
1912-01-01,Mystery,70
1912-01-01,News,4
1912-01-01,Reality-TV,11
1912-01-01,Romance,175
1912-01-01,Sci-Fi,38
1912-01-01,Short,609
1912-01-01,Sport,23
1912-01-01,Talk-Show,7
1912-01-01,Thriller,118
1912-01-01,War,37
1912-01-01,Western,73
1913-01-01,Action,115
1913-01-01,Adult,56
1913-01-01,Adventure,80
1913-01-01,Animation,110
1913-01-01,Biography,43
1913-01-01,Comedy,347
1913-01-01,Crime,132
1913-01-01,Documentary,148
1913-01-01,Drama,473
1913-01-01,Family,90
1913-01-01,Fantasy,81
1913-01-01,Game-Show,9
1913-01-01,History,51
1913-01-01,Horror,100
1913-01-01,Music,50
1913-01-01,Musical,39
1913-01-01,Mystery,79
1913-01-01,News,9
1913-01-01,Reality-TV,15
1913-01-01,Romance,152
1913-01-01,Sci-Fi,68
1913-01-01,Short,613
1913-01-01,Sport,26
1913-01-01,Talk-Show,7
1913-01-01,Thriller,164
1913-01-01,War,44
1913-01-01,Western,52
1914-01-01,Action,90
1914-01-01,Adult,32
1914-01-01,Adventure,68
1914-01-01,Animation,89
1914-01-01,Biography,30
1914-01-01,Comedy,328
1914-01-01,Crime,109
1914-01-01,Documentary,117
1914-01-01,Drama,397
1914-01-01,Family,83
1914-01-01,Fantasy,52
1914-01-01,Game-Show,8
1914-01-01,History,35
1914-01-01,Horror,71
1914-01-01,Music,43
1914-01-01,Musical,29
1914-01-01,Mystery,87
1914-01-01,News,4
1914-01-01,Reality-TV,13
1914-01-01,Romance,138
1914-01-01,Sci-Fi,38
1914-01-01,Short,510
1914-01-01,Sport,14
1914-01-01,Talk-Show,7
1914-01-01,Thriller,134
1914-01-01,War,30
1914-01-01,Western,62
1915-01-01,Action,98
1915-01-01,Adult,35
1915-01-01,Adventure,66
1915-01-01,Animation,83
1915-01-01,Biography,27
1915-01-01,Comedy,326
1915-01-01,Crime,104
1915-01-01,Documentary,90
1915-01-01,Drama,395
1915-01-01,Family,55
1915-01-01,Fantasy,48
1915-01-01,Game-Show,5
1915-01-01,History,41
1915-01-01,Horror,78
1915-01-01,Music,36
1915-01-01,Musical,29
1915-01-01,Mystery,76
1915-01-01,News,11
1915-01-01,Reality-TV,11
1915-01-01,Romance,134
1915-01-01,Sci-Fi,39
1915-01-01,Short,484
1915-01-01,Sport,17
1915-01-01,Talk-Show,3
1915-01-01,Thriller,119
1915-01-01,War,37
1915-01-01,Western,69
1916-01-01,Action,89
1916-01-01,Adult,39
1916-01-01,Adventure,64
1916-01-01,Animation,85
1916-01-01,Biography,27
1916-01-01,Comedy,264
1916-01-01,Crime,104
1916-01-01,Documentary,105
1916-01-01,Drama,323
1916-01-01,Family,60
1916-01-01,Fantasy,57
1916-01-01,Game-Show,8
1916-01-01,History,26
1916-01-01,Horror,59
1916-01-01,Music,45
1916-01-01,Musical,23
1916-01-01,Mystery,78
1916-01-01,News,5
1916-01-01,Reality-TV,9
1916-01-01,Romance,119
1916-01-01,Sci-Fi,45
1916-01-01,Short,357
1916-01-01,Sport,19
1916-01-01,Talk-Show,7
1916-01-01,Thriller,108
1916-01-01,War,36
1916-01-01,Western,39
1917-01-01,Action,68
1917-01-01,Adult,33
1917-01-01,Adventure,76
1917-01-01,Animation,70
1917-01-01,Biography,25
1917-01-01,Comedy,244
1917-01-01,Crime,72
1917-01-01,Documentary,81
1917-01-01,Drama,285
1917-01-01,Family,48
1917-01-01,Fantasy,38
1917-01-01,Game-Show,5
1917-01-01,History,29
1917-01-01,Horror,56
1917-01-01,Music,25
1917-01-01,Musical,30
1917-01-01,Mystery,43
1917-01-01,News,7
1917-01-01,Reality-TV,8
1917-01-01,Romance,103
1917-01-01,Sci-Fi,28
1917-01-01,Short,299
1917-01-01,Sport,10
1917-01-01,Talk-Show,4
1917-01-01,Thriller,76
1917-01-01,War,29
1917-01-01,Western,63
1918-01-01,Action,55
1918-01-01,Adult,29
1918-01-01,Adventure,39
1918-01-01,Animation,59
1918-01-01,Biography,25
1918-01-01,Comedy,194
1918-01-01,Crime,50
1918-01-01,Documentary,74
1918-01-01,Drama,236
1918-01-01,Family,34
1918-01-01,Fantasy,31
1918-01-01,Game-Show,7
1918-01-01,History,20
1918-01-01,Horror,41
1918-01-01,Music,21
1918-01-01,Musical,23
1918-01-01,Mystery,35
1918-01-01,News,8
1918-01-01,Reality-TV,6
1918-01-01,Romance,92
1918-01-01,Sci-Fi,35
1918-01-01,Short,236
1918-01-01,Sport,11
1918-01-01,Talk-Show,2
1918-01-01,Thriller,67
1918-01-01,War,38
1918-01-01,Western,50
1919-01-01,Action,48
1919-01-01,Adult,24
1919-01-01,Adventure,40
1919-01-01,Animation,51
1919-01-01,Biography,17
1919-01-01,Comedy,198
1919-01-01,Crime,57
1919-01-01,Documentary,65
1919-01-01,Drama,207
1919-01-01,Family,34
1919-01-01,Fantasy,29
1919-01-01,Game-Show,5
1919-01-01,History,19
1919-01-01,Horror,26
1919-01-01,Music,27
1919-01-01,Musical,20
1919-01-01,Mystery,31
1919-01-01,News,1
1919-01-01,Reality-TV,6
1919-01-01,Romance,90
1919-01-01,Sci-Fi,18
1919-01-01,Short,220
1919-01-01,Sport,9
1919-01-01,Talk-Show,3
1919-01-01,Thriller,49
1919-01-01,War,19
1919-01-01,Western,62
1920-01-01,Action,49
1920-01-01,Adult,43
1920-01-01,Adventure,49
1920-01-01,Animation,66
1920-01-01,Biography,17
1920-01-01,Comedy,212
1920-01-01,Crime,46
1920-01-01,Documentary,68
1920-01-01,Drama,245
1920-01-01,Family,44
1920-01-01,Fantasy,29
1920-01-01,Game-Show,2
1920-01-01,History,17
1920-01-01,Horror,54
1920-01-01,Music,22
1920-01-01,Musical,21
1920-01-01,Mystery,35
1920-01-01,News,4
1920-01-01,Reality-TV,9
1920-01-01,Romance,95
1920-01-01,Sci-Fi,33
1920-01-01,Short,228
1920-01-01,Sport,16
1920-01-01,Talk-Show,3
1920-01-01,Thriller,60
1920-01-01,War,10
1920-01-01,Western,46
1921-01-01,Action,73
1921-01-01,Adult,39
1921-01-01,Adventure,65
1921-01-01,Animation,88
1921-01-01,Biography,20
1921-01-01,Comedy,224
1921-01-01,Crime,62
1921-01-01,Documentary,102
1921-01-01,Drama,248
1921-01-01,Family,57
1921-01-01,Fantasy,46
1921-01-01,Game-Show,5
1921-01-01,History,16
1921-01-01,Horror,47
1921-01-01,Music,31
1921-01-01,Musical,26
1921-01-01,Mystery,43
1921-01-01,News,7
1921-01-01,Reality-TV,7
1921-01-01,Romance,110
1921-01-01,Sci-Fi,37
1921-01-01,Short,271
1921-01-01,Sport,21
1921-01-01,Talk-Show,2
1921-01-01,Thriller,62
1921-01-01,War,13
1921-01-01,Western,49
1922-01-01,Action,58
1922-01-01,Adult,24
1922-01-01,Adventure,37
1922-01-01,Animation,73
1922-01-01,Biography,21
1922-01-01,Comedy,198
1922-01-01,Crime,50
1922-01-01,Documentary,69
1922-01-01,Drama,217
1922-01-01,Family,57
1922-01-01,Fantasy,32
1922-01-01,Game-Show,1
1922-01-01,History,21
1922-01-01,Horror,31
1922-01-01,Music,26
1922-01-01,Musical,16
1922-01-01,Mystery,39
1922-01-01,News,12
1922-01-01,Reality-TV,10
1922-01-01,Romance,104
1922-01-01,Sci-Fi,17
1922-01-01,Short,241
1922-01-01,Sport,17
1922-01-01,Talk-Show,1
1922-01-01,Thriller,47
1922-01-01,War,11
1922-01-01,Western,43
1923-01-01,Action,41
1923-01-01,Adult,17
1923-01-01,Adventure,42
1923-01-01,Animation,48
1923-01-01,Biography,13
1923-01-01,Comedy,191
1923-01-01,Crime,40
1923-01-01,Documentary,47
1923-01-01,Drama,209
1923-01-01,Family,43
1923-01-01,Fantasy,24
1923-01-01,Game-Show,3
1923-01-01,History,18
1923-01-01,Horror,32
1923-01-01,Music,18
1923-01-01,Musical,22
1923-01-01,Mystery,32
1923-01-01,News,7
1923-01-01,Reality-TV,3
1923-01-01,Romance,86
1923-01-01,Sci-Fi,21
1923-01-01,Short,222
1923-01-01,Sport,13
1923-01-01,Talk-Show,3
1923-01-01,Thriller,46
1923-01-01,War,21
1923-01-01,Western,27
1924-01-01,Action,64
1924-01-01,Adult,25
1924-01-01,Adventure,49
1924-01-01,Animation,71
1924-01-01,Biography,15
1924-01-01,Comedy,242
1924-01-01,Crime,43
1924-01-01,Documentary,58
1924-01-01,Drama,199
1924-01-01,Family,46
1924-01-01,Fantasy,24
1924-01-01,Game-Show,3
1924-01-01,History,20
1924-01-01,Horror,27
1924-01-01,Music,21
1924-01-01,Musical,26
1924-01-01,Mystery,34
1924-01-01,News,12
1924-01-01,Reality-TV,5
1924-01-01,Romance,101
1924-01-01,Sci-Fi,16
1924-01-01,Short,256
1924-01-01,Sport,26
1924-01-01,Talk-Show,4
1924-01-01,Thriller,41
1924-01-01,War,16
1924-01-01,Western,48
1925-01-01,Action,67
1925-01-01,Adult,23
1925-01-01,Adventure,57
1925-01-01,Animation,101
1925-01-01,Biography,17
1925-01-01,Comedy,286
1925-01-01,Crime,55
1925-01-01,Documentary,63
1925-01-01,Drama,249
1925-01-01,Family,57
1925-01-01,Fantasy,22
1925-01-01,Game-Show,3
1925-01-01,History,13
1925-01-01,Horror,35
1925-01-01,Music,24
1925-01-01,Musical,23
1925-01-01,Mystery,29
1925-01-01,News,5
1925-01-01,Reality-TV,5
1925-01-01,Romance,125
1925-01-01,Sci-Fi,19
1925-01-01,Short,297
1925-01-01,Sport,14
1925-01-01,Talk-Show,5
1925-01-01,Thriller,60
1925-01-01,War,17
1925-01-01,Western,54
1926-01-01,Action,61
1926-01-01,Adult,16
1926-01-01,Adventure,57
1926-01-01,Animation,99
1926-01-01,Biography,12
1926-01-01,Comedy,293
1926-01-01,Crime,36
1926-01-01,Documentary,57
1926-01-01,Drama,204
1926-01-01,Family,45
1926-01-01,Fantasy,25
1926-01-01,Game-Show,3
1926-01-01,History,13
1926-01-01,Horror,21
1926-01-01,Music,22
1926-01-01,Musical,25
1926-01-01,Mystery,23
1926-01-01,News,5
1926-01-01,Reality-TV,2
1926-01-01,Romance,118
1926-01-01,Sci-Fi,13
1926-01-01,Short,298
1926-01-01,Sport,10
1926-01-01,Talk-Show,5
1926-01-01,Thriller,34
1926-01-01,War,24
1926-01-01,Western,63
1927-01-01,Action,59
1927-01-01,Adult,29
1927-01-01,Adventure,53
1927-01-01,Animation,96
1927-01-01,Biography,11
1927-01-01,Comedy,322
1927-01-01,Crime,43
1927-01-01,Documentary,76
1927-01-01,Drama,245
1927-01-01,Family,44
1927-01-01,Fantasy,25
1927-01-01,Game-Show,3
1927-01-01,History,18
1927-01-01,Horror,30
1927-01-01,Music,32
1927-01-01,Musical,37
1927-01-01,Mystery,28
1927-01-01,News,3
1927-01-01,Reality-TV,8
1927-01-01,Romance,123
1927-01-01,Sci-Fi,15
1927-01-01,Short,324
1927-01-01,Sport,17
1927-01-01,Talk-Show,2
1927-01-01,Thriller,37
1927-01-01,War,31
1927-01-01,Western,59
1928-01-01,Action,65
1928-01-01,Adult,32
1928-01-01,Adventure,45
1928-01-01,Animation,85
1928-01-01,Biography,12
1928-01-01,Comedy,269
1928-01-01,Crime,63
1928-01-01,Documentary,84
1928-01-01,Drama,279
1928-01-01,Family,58
1928-01-01,Fantasy,29
1928-01-01,Game-Show,4
1928-01-01,History,28
1928-01-01,Horror,28
1928-01-01,Music,45
1928-01-01,Musical,28
1928-01-01,Mystery,38
1928-01-01,News,6
1928-01-01,Reality-TV,6
1928-01-01,Romance,123
1928-01-01,Sci-Fi,22
1928-01-01,Short,285
1928-01-01,Sport,15
1928-01-01,Talk-Show,3
1928-01-01,Thriller,61
1928-01-01,War,30
1928-01-01,Western,32
1929-01-01,Action,64
1929-01-01,Adult,24
1929-01-01,Adventure,60
1929-01-01,Animation,94
1929-01-01,Biography,24
1929-01-01,Comedy,311
1929-01-01,Crime,77
1929-01-01,Documentary,76
1929-01-01,Drama,285
1929-01-01,Family,67
1929-01-01,Fantasy,30
1929-01-01,Game-Show,5
1929-01-01,History,19
1929-01-01,Horror,38
1929-01-01,Music,81
1929-01-01,Musical,88
1929-01-01,Mystery,45
1929-01-01,News,5
1929-01-01,Reality-TV,7
1929-01-01,Romance,158
1929-01-01,Sci-Fi,19
1929-01-01,Short,336
1929-01-01,Sport,21
1929-01-01,Talk-Show,3
1929-01-01,Thriller,64
1929-01-01,War,17
1929-01-01,Western,34
1930-01-01,Action,60
1930-01-01,Adult,34
1930-01-01,Adventure,54
1930-01-01,Animation,127
1930-01-01,Biography,10
1930-01-01,Comedy,316
1930-01-01,Crime,68
1930-01-01,Documentary,90
1930-01-01,Drama,275
1930-01-01,Family,78
1930-01-01,Fantasy,30
1930-01-01,Game-Show,4
1930-01-01,History,17
1930-01-01,Horror,23
1930-01-01,Music,64
1930-01-01,Musical,121
1930-01-01,Mystery,36
1930-01-01,News,5
1930-01-01,Reality-TV,2
1930-01-01,Romance,177
1930-01-01,Sci-Fi,11
1930-01-01,Short,338
1930-01-01,Sport,16
1930-01-01,Talk-Show,3
1930-01-01,Thriller,44
1930-01-01,War,26
1930-01-01,Western,50
1931-01-01,Action,57
1931-01-01,Adult,37
1931-01-01,Adventure,54
1931-01-01,Animation,128
1931-01-01,Biography,15
1931-01-01,Comedy,337
1931-01-01,Crime,99
1931-01-01,Documentary,85
1931-01-01,Drama,318
1931-01-01,Family,94
1931-01-01,Fantasy,33
1931-01-01,Game-Show,2
1931-01-01,History,12
1931-01-01,Horror,38
1931-01-01,Music,34
1931-01-01,Musical,69
1931-01-01,Mystery,54
1931-01-01,News,4
1931-01-01,Reality-TV,4
1931-01-01,Romance,178
1931-01-01,Sci-Fi,19
1931-01-01,Short,340
1931-01-01,Sport,22
1931-01-01,Talk-Show,3
1931-01-01,Thriller,61
1931-01-01,War,26
1931-01-01,Western,62
1932-01-01,Action,71
1932-01-01,Adult,24
1932-01-01,Adventure,60
1932-01-01,Animation,138
1932-01-01,Biography,14
1932-01-01,Comedy,361
1932-01-01,Crime,99
1932-01-01,Documentary,87
1932-01-01,Drama,330
1932-01-01,Family,113
1932-01-01,Fantasy,28
1932-01-01,Game-Show,3
1932-01-01,History,22
1932-01-01,Horror,42
1932-01-01,Music,47
1932-01-01,Musical,76
1932-01-01,Mystery,75
1932-01-01,News,6
1932-01-01,Reality-TV,10
1932-01-01,Romance,167
1932-01-01,Sci-Fi,21
1932-01-01,Short,350
1932-01-01,Sport,27
1932-01-01,Talk-Show,4
1932-01-01,Thriller,52
1932-01-01,War,22
1932-01-01,Western,71
1933-01-01,Action,54
1933-01-01,Adult,23
1933-01-01,Adventure,54
1933-01-01,Animation,144
1933-01-01,Biography,17
1933-01-01,Comedy,391
1933-01-01,Crime,87
1933-01-01,Documentary,80
1933-01-01,Drama,347
1933-01-01,Family,93
1933-01-01,Fantasy,38
1933-01-01,Game-Show,6
1933-01-01,History,14
1933-01-01,Horror,39
1933-01-01,Music,51
1933-01-01,Musical,94
1933-01-01,Mystery,62
1933-01-01,News,3
1933-01-01,Reality-TV,5
1933-01-01,Romance,183
1933-01-01,Sci-Fi,24
1933-01-01,Short,368
1933-01-01,Sport,21
1933-01-01,Talk-Show,3
1933-01-01,Thriller,58
1933-01-01,War,26
1933-01-01,Western,42
1934-01-01,Action,67
1934-01-01,Adult,27
1934-01-01,Adventure,64
1934-01-01,Animation,162
1934-01-01,Biography,18
1934-01-01,Comedy,435
1934-01-01,Crime,97
1934-01-01,Documentary,85
1934-01-01,Drama,358
1934-01-01,Family,120
1934-01-01,Fantasy,35
1934-01-01,Game-Show,7
1934-01-01,History,23
1934-01-01,Horror,39
1934-01-01,Music,51
1934-01-01,Musical,134
1934-01-01,Mystery,79
1934-01-01,News,3
1934-01-01,Reality-TV,8
1934-01-01,Romance,222
1934-01-01,Sci-Fi,29
1934-01-01,Short,422
1934-01-01,Sport,21
1934-01-01,Talk-Show,4
1934-01-01,Thriller,69
1934-01-01,War,26
1934-01-01,Western,56
1935-01-01,Action,92
1935-01-01,Adult,26
1935-01-01,Adventure,74
1935-01-01,Animation,147
1935-01-01,Biography,14
1935-01-01,Comedy,429
1935-01-01,Crime,108
1935-01-01,Documentary,98
1935-01-01,Drama,358
1935-01-01,Family,113
1935-01-01,Fantasy,43
1935-01-01,Game-Show,6
1935-01-01,History,31
1935-01-01,Horror,27
1935-01-01,Music,61
1935-01-01,Musical,119
1935-01-01,Mystery,73
1935-01-01,News,7
1935-01-01,Reality-TV,5
1935-01-01,Romance,251
1935-01-01,Sci-Fi,24
1935-01-01,Short,375
1935-01-01,Sport,27
1935-01-01,Talk-Show,2
1935-01-01,Thriller,51
1935-01-01,War,32
1935-01-01,Western,110
1936-01-01,Action,84
1936-01-01,Adult,23
1936-01-01,Adventure,76
1936-01-01,Animation,140
1936-01-01,Biography,27
1936-01-01,Comedy,423
1936-01-01,Crime,129
1936-01-01,Documentary,104
1936-01-01,Drama,385
1936-01-01,Family,128
1936-01-01,Fantasy,36
1936-01-01,Game-Show,7
1936-01-01,History,41
1936-01-01,Horror,35
1936-01-01,Music,69
1936-01-01,Musical,109
1936-01-01,Mystery,82
1936-01-01,News,5
1936-01-01,Reality-TV,9
1936-01-01,Romance,224
1936-01-01,Sci-Fi,21
1936-01-01,Short,361
1936-01-01,Sport,28
1936-01-01,Talk-Show,4
1936-01-01,Thriller,62
1936-01-01,War,24
1936-01-01,Western,104
1937-01-01,Action,94
1937-01-01,Adult,14
1937-01-01,Adventure,101
1937-01-01,Animation,141
1937-01-01,Biography,24
1937-01-01,Comedy,432
1937-01-01,Crime,115
1937-01-01,Documentary,92
1937-01-01,Drama,403
1937-01-01,Family,122
1937-01-01,Fantasy,37
1937-01-01,Game-Show,2
1937-01-01,History,42
1937-01-01,Horror,24
1937-01-01,Music,62
1937-01-01,Musical,108
1937-01-01,Mystery,71
1937-01-01,News,3
1937-01-01,Reality-TV,3
1937-01-01,Romance,260
1937-01-01,Sci-Fi,18
1937-01-01,Short,350
1937-01-01,Sport,27
1937-01-01,Talk-Show,4
1937-01-01,Thriller,67
1937-01-01,War,44
1937-01-01,Western,108
1938-01-01,Action,101
1938-01-01,Adult,15
1938-01-01,Adventure,99
1938-01-01,Animation,146
1938-01-01,Biography,22
1938-01-01,Comedy,440
1938-01-01,Crime,129
1938-01-01,Documentary,91
1938-01-01,Drama,378
1938-01-01,Family,130
1938-01-01,Fantasy,30
1938-01-01,Game-Show,4
1938-01-01,History,36
1938-01-01,Horror,21
1938-01-01,Music,71
1938-01-01,Musical,101
1938-01-01,Mystery,74
1938-01-01,News,3
1938-01-01,Reality-TV,5
1938-01-01,Romance,241
1938-01-01,Sci-Fi,23
1938-01-01,Short,356
1938-01-01,Sport,33
1938-01-01,Talk-Show,1
1938-01-01,Thriller,45
1938-01-01,War,41
1938-01-01,Western,91
1939-01-01,Action,97
1939-01-01,Adult,8
1939-01-01,Adventure,88
1939-01-01,Animation,135
1939-01-01,Biography,35
1939-01-01,Comedy,381
1939-01-01,Crime,138
1939-01-01,Documentary,90
1939-01-01,Drama,403
1939-01-01,Family,134
1939-01-01,Fantasy,25
1939-01-01,Game-Show,6
1939-01-01,History,42
1939-01-01,Horror,26
1939-01-01,Music,68
1939-01-01,Musical,73
1939-01-01,Mystery,80
1939-01-01,News,2
1939-01-01,Reality-TV,5
1939-01-01,Romance,163
1939-01-01,Sci-Fi,22
1939-01-01,Short,320
1939-01-01,Sport,22
1939-01-01,Talk-Show,3
1939-01-01,Thriller,66
1939-01-01,War,51
1939-01-01,Western,95
1940-01-01,Action,59
1940-01-01,Adult,6
1940-01-01,Adventure,77
1940-01-01,Animation,136
1940-01-01,Biography,28
1940-01-01,Comedy,377
1940-01-01,Crime,94
1940-01-01,Documentary,95
1940-01-01,Drama,303
1940-01-01,Family,127
1940-01-01,Fantasy,21
1940-01-01,Game-Show,2
1940-01-01,History,31
1940-01-01,Horror,21
1940-01-01,Music,48
1940-01-01,Musical,54
1940-01-01,Mystery,48
1940-01-01,News,3
1940-01-01,Reality-TV,4
1940-01-01,Romance,156
1940-01-01,Sci-Fi,18
1940-01-01,Short,300
1940-01-01,Sport,11
1940-01-01,Talk-Show,2
1940-01-01,Thriller,43
1940-01-01,War,45
1940-01-01,Western,100
1941-01-01,Action,90
1941-01-01,Adult,15
1941-01-01,Adventure,84
1941-01-01,Animation,148
1941-01-01,Biography,20
1941-01-01,Comedy,416
1941-01-01,Crime,85
1941-01-01,Documentary,92
1941-01-01,Drama,306
1941-01-01,Family,129
1941-01-01,Fantasy,23
1941-01-01,Game-Show,3
1941-01-01,History,29
1941-01-01,Horror,17
1941-01-01,Music,73
1941-01-01,Musical,80
1941-01-01,Mystery,58
1941-01-01,News,3
1941-01-01,Reality-TV,1
1941-01-01,Romance,175
1941-01-01,Sci-Fi,12
1941-01-01,Short,320
1941-01-01,Sport,22
1941-01-01,Talk-Show,3
1941-01-01,Thriller,49
1941-01-01,War,75
1941-01-01,Western,96
1942-01-01,Action,97
1942-01-01,Adult,13
1942-01-01,Adventure,78
1942-01-01,Animation,149
1942-01-01,Biography,22
1942-01-01,Comedy,397
1942-01-01,Crime,101
1942-01-01,Documentary,98
1942-01-01,Drama,347
1942-01-01,Family,131
1942-01-01,Fantasy,27
1942-01-01,Game-Show,5
1942-01-01,History,33
1942-01-01,Horror,26
1942-01-01,Music,66
1942-01-01,Musical,56
1942-01-01,Mystery,68
1942-01-01,News,2
1942-01-01,Reality-TV,2
1942-01-01,Romance,181
1942-01-01,Sci-Fi,21
1942-01-01,Short,328
1942-01-01,Sport,20
1942-01-01,Talk-Show,3
1942-01-01,Thriller,56
1942-01-01,War,152
1942-01-01,Western,93
1943-01-01,Action,54
1943-01-01,Adult,18
1943-01-01,Adventure,56
1943-01-01,Animation,133
1943-01-01,Biography,15
1943-01-01,Comedy,345
1943-01-01,Crime,67
1943-01-01,Documentary,107
1943-01-01,Drama,301
1943-01-01,Family,99
1943-01-01,Fantasy,17
1943-01-01,Game-Show,1
1943-01-01,History,35
1943-01-01,Horror,25
1943-01-01,Music,53
1943-01-01,Musical,69
1943-01-01,Mystery,47
1943-01-01,News,2
1943-01-01,Reality-TV,3
1943-01-01,Romance,138
1943-01-01,Sci-Fi,13
1943-01-01,Short,313
1943-01-01,Sport,7
1943-01-01,Talk-Show,3
1943-01-01,Thriller,55
1943-01-01,War,161
1943-01-01,Western,82
1944-01-01,Action,61
1944-01-01,Adult,12
1944-01-01,Adventure,57
1944-01-01,Animation,144
1944-01-01,Biography,17
1944-01-01,Comedy,313
1944-01-01,Crime,68
1944-01-01,Documentary,71
1944-01-01,Drama,281
1944-01-01,Family,116
1944-01-01,Fantasy,26
1944-01-01,Game-Show,2
1944-01-01,History,31
1944-01-01,Horror,32
1944-01-01,Music,59
1944-01-01,Musical,77
1944-01-01,Mystery,58
1944-01-01,News,3
1944-01-01,Reality-TV,2
1944-01-01,Romance,129
1944-01-01,Sci-Fi,26
1944-01-01,Short,281
1944-01-01,Sport,8
1944-01-01,Talk-Show,2
1944-01-01,Thriller,50
1944-01-01,War,119
1944-01-01,Western,80
1945-01-01,Action,55
1945-01-01,Adult,13
1945-01-01,Adventure,50
1945-01-01,Animation,111
1945-01-01,Biography,19
1945-01-01,Comedy,245
1945-01-01,Crime,76
1945-01-01,Documentary,93
1945-01-01,Drama,256
1945-01-01,Family,84
1945-01-01,Fantasy,22
1945-01-01,History,24
1945-01-01,Horror,28
1945-01-01,Music,43
1945-01-01,Musical,64
1945-01-01,Mystery,64
1945-01-01,News,4
1945-01-01,Reality-TV,2
1945-01-01,Romance,106
1945-01-01,Sci-Fi,12
1945-01-01,Short,255
1945-01-01,Sport,5
1945-01-01,Talk-Show,2
1945-01-01,Thriller,54
1945-01-01,War,77
1945-01-01,Western,77
1946-01-01,Action,64
1946-01-01,Adult,15
1946-01-01,Adventure,70
1946-01-01,Animation,126
1946-01-01,Biography,22
1946-01-01,Comedy,281
1946-01-01,Crime,97
1946-01-01,Documentary,83
1946-01-01,Drama,319
1946-01-01,Family,117
1946-01-01,Fantasy,35
1946-01-01,Game-Show,6
1946-01-01,History,21
1946-01-01,Horror,34
1946-01-01,Music,70
1946-01-01,Musical,62
1946-01-01,Mystery,71
1946-01-01,News,3
1946-01-01,Reality-TV,6
1946-01-01,Romance,134
1946-01-01,Sci-Fi,18
1946-01-01,Short,271
1946-01-01,Sport,14
1946-01-01,Talk-Show,4
1946-01-01,Thriller,57
1946-01-01,War,49
1946-01-01,Western,72
1947-01-01,Action,86
1947-01-01,Adult,15
1947-01-01,Adventure,85
1947-01-01,Animation,130
1947-01-01,Biography,14
1947-01-01,Comedy,281
1947-01-01,Crime,120
1947-01-01,Documentary,77
1947-01-01,Drama,365
1947-01-01,Family,108
1947-01-01,Fantasy,38
1947-01-01,Game-Show,7
1947-01-01,History,28
1947-01-01,Horror,36
1947-01-01,Music,49
1947-01-01,Musical,56
1947-01-01,Mystery,73
1947-01-01,News,7
1947-01-01,Reality-TV,3
1947-01-01,Romance,145
1947-01-01,Sci-Fi,13
1947-01-01,Short,289
1947-01-01,Sport,11
1947-01-01,Talk-Show,2
1947-01-01,Thriller,71
1947-01-01,War,32
1947-01-01,Western,81
1948-01-01,Action,109
1948-01-01,Adult,15
1948-01-01,Adventure,77
1948-01-01,Animation,142
1948-01-01,Biography,25
1948-01-01,Comedy,332
1948-01-01,Crime,116
1948-01-01,Documentary,88
1948-01-01,Drama,386
1948-01-01,Family,124
1948-01-01,Fantasy,30
1948-01-01,Game-Show,6
1948-01-01,History,28
1948-01-01,Horror,30
1948-01-01,Music,72
1948-01-01,Musical,56
1948-01-01,Mystery,59
1948-01-01,News,5
1948-01-01,Reality-TV,6
1948-01-01,Romance,145
1948-01-01,Sci-Fi,15
1948-01-01,Short,318
1948-01-01,Sport,19
1948-01-01,Talk-Show,7
1948-01-01,Thriller,71
1948-01-01,War,42
1948-01-01,Western,107
1949-01-01,Action,106
1949-01-01,Adult,17
1949-01-01,Adventure,88
1949-01-01,Animation,144
1949-01-01,Biography,31
1949-01-01,Comedy,354
1949-01-01,Crime,134
1949-01-01,Documentary,95
1949-01-01,Drama,432
1949-01-01,Family,151
1949-01-01,Fantasy,44
1949-01-01,Game-Show,4
1949-01-01,History,27
1949-01-01,Horror,34
1949-01-01,Music,66
1949-01-01,Musical,65
1949-01-01,Mystery,59
1949-01-01,News,5
1949-01-01,Reality-TV,5
1949-01-01,Romance,169
1949-01-01,Sci-Fi,23
1949-01-01,Short,313
1949-01-01,Sport,26
1949-01-01,Talk-Show,5
1949-01-01,Thriller,85
1949-01-01,War,43
1949-01-01,Western,101
1950-01-01,Action,85
1950-01-01,Adult,19
1950-01-01,Adventure,93
1950-01-01,Animation,126
1950-01-01,Biography,23
1950-01-01,Comedy,355
1950-01-01,Crime,151
1950-01-01,Documentary,112
1950-01-01,Drama,452
1950-01-01,Family,140
1950-01-01,Fantasy,40
1950-01-01,Game-Show,9
1950-01-01,History,29
1950-01-01,Horror,28
1950-01-01,Music,61
1950-01-01,Musical,69
1950-01-01,Mystery,57
1950-01-01,News,6
1950-01-01,Reality-TV,6
1950-01-01,Romance,148
1950-01-01,Sci-Fi,23
1950-01-01,Short,326
1950-01-01,Sport,20
1950-01-01,Talk-Show,7
1950-01-01,Thriller,76
1950-01-01,War,40
1950-01-01,Western,122
1951-01-01,Action,90
1951-01-01,Adult,19
1951-01-01,Adventure,86
1951-01-01,Animation,148
1951-01-01,Biography,17
1951-01-01,Comedy,379
1951-01-01,Crime,133
1951-01-01,Documentary,110
1951-01-01,Drama,466
1951-01-01,Family,162
1951-01-01,Fantasy,42
1951-01-01,Game-Show,8
1951-01-01,History,30
1951-01-01,Horror,35
1951-01-01,Music,48
1951-01-01,Musical,64
1951-01-01,Mystery,53
1951-01-01,News,5
1951-01-01,Reality-TV,8
1951-01-01,Romance,153
1951-01-01,Sci-Fi,32
1951-01-01,Short,339
1951-01-01,Sport,32
1951-01-01,Talk-Show,9
1951-01-01,Thriller,89
1951-01-01,War,60
1951-01-01,Western,110
1952-01-01,Action,94
1952-01-01,Adult,19
1952-01-01,Adventure,109
1952-01-01,Animation,130
1952-01-01,Biography,33
1952-01-01,Comedy,395
1952-01-01,Crime,109
1952-01-01,Documentary,116
1952-01-01,Drama,460
1952-01-01,Family,150
1952-01-01,Fantasy,38
1952-01-01,Game-Show,10
1952-01-01,History,34
1952-01-01,Horror,34
1952-01-01,Music,48
1952-01-01,Musical,70
1952-01-01,Mystery,60
1952-01-01,News,8
1952-01-01,Reality-TV,4
1952-01-01,Romance,163
1952-01-01,Sci-Fi,32
1952-01-01,Short,312
1952-01-01,Sport,20
1952-01-01,Talk-Show,10
1952-01-01,Thriller,74
1952-01-01,War,42
1952-01-01,Western,109
1953-01-01,Action,92
1953-01-01,Adult,28
1953-01-01,Adventure,124
1953-01-01,Animation,141
1953-01-01,Biography,44
1953-01-01,Comedy,402
1953-01-01,Crime,109
1953-01-01,Documentary,122
1953-01-01,Drama,485
1953-01-01,Family,160
1953-01-01,Fantasy,44
1953-01-01,Game-Show,7
1953-01-01,History,42
1953-01-01,Horror,33
1953-01-01,Music,51
1953-01-01,Musical,62
1953-01-01,Mystery,47
1953-01-01,News,8
1953-01-01,Reality-TV,8
1953-01-01,Romance,158
1953-01-01,Sci-Fi,43
1953-01-01,Short,339
1953-01-01,Sport,16
1953-01-01,Talk-Show,8
1953-01-01,Thriller,86
1953-01-01,War,59
1953-01-01,Western,85
1954-01-01,Action,75
1954-01-01,Adult,16
1954-01-01,Adventure,121
1954-01-01,Animation,132
1954-01-01,Biography,29
1954-01-01,Comedy,413
1954-01-01,Crime,128
1954-01-01,Documentary,100
1954-01-01,Drama,495
1954-01-01,Family,163
1954-01-01,Fantasy,40
1954-01-01,Game-Show,9
1954-01-01,History,37
1954-01-01,Horror,37
1954-01-01,Music,56
1954-01-01,Musical,82
1954-01-01,Mystery,48
1954-01-01,News,7
1954-01-01,Reality-TV,6
1954-01-01,Romance,167
1954-01-01,Sci-Fi,37
1954-01-01,Short,311
1954-01-01,Sport,15
1954-01-01,Talk-Show,13
1954-01-01,Thriller,81
1954-01-01,War,36
1954-01-01,Western,78
1955-01-01,Action,82
1955-01-01,Adult,18
1955-01-01,Adventure,96
1955-01-01,Animation,141
1955-01-01,Biography,36
1955-01-01,Comedy,404
1955-01-01,Crime,144
1955-01-01,Documentary,130
1955-01-01,Drama,543
1955-01-01,Family,169
1955-01-01,Fantasy,47
1955-01-01,Game-Show,5
1955-01-01,History,49
1955-01-01,Horror,33
1955-01-01,Music,51
1955-01-01,Musical,67
1955-01-01,Mystery,45
1955-01-01,News,4
1955-01-01,Reality-TV,3
1955-01-01,Romance,189
1955-01-01,Sci-Fi,38
1955-01-01,Short,327
1955-01-01,Sport,20
1955-01-01,Talk-Show,2
1955-01-01,Thriller,88
1955-01-01,War,67
1955-01-01,Western,77
1956-01-01,Action,69
1956-01-01,Adult,20
1956-01-01,Adventure,84
1956-01-01,Animation,152
1956-01-01,Biography,28
1956-01-01,Comedy,398
1956-01-01,Crime,142
1956-01-01,Documentary,132
1956-01-01,Drama,552
1956-01-01,Family,162
1956-01-01,Fantasy,45
1956-01-01,Game-Show,12
1956-01-01,History,34
1956-01-01,Horror,46
1956-01-01,Music,54
1956-01-01,Musical,87
1956-01-01,Mystery,58
1956-01-01,News,10
1956-01-01,Reality-TV,8
1956-01-01,Romance,172
1956-01-01,Sci-Fi,60
1956-01-01,Short,338
1956-01-01,Sport,29
1956-01-01,Talk-Show,8
1956-01-01,Thriller,94
1956-01-01,War,60
1956-01-01,Western,81
1957-01-01,Action,85
1957-01-01,Adult,23
1957-01-01,Adventure,98
1957-01-01,Animation,136
1957-01-01,Biography,32
1957-01-01,Comedy,410
1957-01-01,Crime,168
1957-01-01,Documentary,123
1957-01-01,Drama,619
1957-01-01,Family,156
1957-01-01,Fantasy,63
1957-01-01,Game-Show,3
1957-01-01,History,44
1957-01-01,Horror,78
1957-01-01,Music,55
1957-01-01,Musical,80
1957-01-01,Mystery,60
1957-01-01,News,10
1957-01-01,Reality-TV,1
1957-01-01,Romance,202
1957-01-01,Sci-Fi,61
1957-01-01,Short,324
1957-01-01,Sport,18
1957-01-01,Talk-Show,9
1957-01-01,Thriller,112
1957-01-01,War,55
1957-01-01,Western,96
1958-01-01,Action,100
1958-01-01,Adult,16
1958-01-01,Adventure,113
1958-01-01,Animation,122
1958-01-01,Biography,32
1958-01-01,Comedy,411
1958-01-01,Crime,156
1958-01-01,Documentary,110
1958-01-01,Drama,609
1958-01-01,Family,164
1958-01-01,Fantasy,48
1958-01-01,Game-Show,10
1958-01-01,History,41
1958-01-01,Horror,80
1958-01-01,Music,58
1958-01-01,Musical,74
1958-01-01,Mystery,67
1958-01-01,News,6
1958-01-01,Reality-TV,8
1958-01-01,Romance,178
1958-01-01,Sci-Fi,63
1958-01-01,Short,283
1958-01-01,Sport,10
1958-01-01,Talk-Show,8
1958-01-01,Thriller,98
1958-01-01,War,84
1958-01-01,Western,75
1959-01-01,Action,89
1959-01-01,Adult,25
1959-01-01,Adventure,111
1959-01-01,Animation,145
1959-01-01,Biography,32
1959-01-01,Comedy,444
1959-01-01,Crime,137
1959-01-01,Documentary,123
1959-01-01,Drama,570
1959-01-01,Family,163
1959-01-01,Fantasy,65
1959-01-01,Game-Show,8
1959-01-01,History,38
1959-01-01,Horror,80
1959-01-01,Music,52
1959-01-01,Musical,91
1959-01-01,Mystery,68
1959-01-01,News,10
1959-01-01,Reality-TV,4
1959-01-01,Romance,198
1959-01-01,Sci-Fi,64
1959-01-01,Short,283
1959-01-01,Sport,13
1959-01-01,Talk-Show,7
1959-01-01,Thriller,111
1959-01-01,War,91
1959-01-01,Western,62
1960-01-01,Action,106
1960-01-01,Adult,21
1960-01-01,Adventure,105
1960-01-01,Animation,123
1960-01-01,Biography,31
1960-01-01,Comedy,434
1960-01-01,Crime,180
1960-01-01,Documentary,152
1960-01-01,Drama,604
1960-01-01,Family,152
1960-01-01,Fantasy,63
1960-01-01,Game-Show,7
1960-01-01,History,53
1960-01-01,Horror,67
1960-01-01,Music,43
1960-01-01,Musical,78
1960-01-01,Mystery,68
1960-01-01,News,11
1960-01-01,Reality-TV,5
1960-01-01,Romance,178
1960-01-01,Sci-Fi,48
1960-01-01,Short,308
1960-01-01,Sport,13
1960-01-01,Talk-Show,7
1960-01-01,Thriller,100
1960-01-01,War,80
1960-01-01,Western,55
1961-01-01,Action,96
1961-01-01,Adult,17
1961-01-01,Adventure,143
1961-01-01,Animation,132
1961-01-01,Biography,35
1961-01-01,Comedy,460
1961-01-01,Crime,140
1961-01-01,Documentary,149
1961-01-01,Drama,645
1961-01-01,Family,171
1961-01-01,Fantasy,70
1961-01-01,Game-Show,8
1961-01-01,History,44
1961-01-01,Horror,65
1961-01-01,Music,56
1961-01-01,Musical,70
1961-01-01,Mystery,65
1961-01-01,News,9
1961-01-01,Reality-TV,4
1961-01-01,Romance,182
1961-01-01,Sci-Fi,49
1961-01-01,Short,332
1961-01-01,Sport,14
1961-01-01,Talk-Show,10
1961-01-01,Thriller,99
1961-01-01,War,69
1961-01-01,Western,40
1962-01-01,Action,104
1962-01-01,Adult,24
1962-01-01,Adventure,150
1962-01-01,Animation,128
1962-01-01,Biography,32
1962-01-01,Comedy,490
1962-01-01,Crime,114
1962-01-01,Documentary,144
1962-01-01,Drama,674
1962-01-01,Family,156
1962-01-01,Fantasy,64
1962-01-01,Game-Show,12
1962-01-01,History,48
1962-01-01,Horror,79
1962-01-01,Music,55
1962-01-01,Musical,70
1962-01-01,Mystery,69
1962-01-01,News,10
1962-01-01,Reality-TV,7
1962-01-01,Romance,168
1962-01-01,Sci-Fi,56
1962-01-01,Short,341
1962-01-01,Sport,16
1962-01-01,Talk-Show,11
1962-01-01,Thriller,105
1962-01-01,War,88
1962-01-01,Western,45
1963-01-01,Action,113
1963-01-01,Adult,25
1963-01-01,Adventure,144
1963-01-01,Animation,121
1963-01-01,Biography,22
1963-01-01,Comedy,465
1963-01-01,Crime,154
1963-01-01,Documentary,161
1963-01-01,Drama,625
1963-01-01,Family,143
1963-01-01,Fantasy,69
1963-01-01,Game-Show,7
1963-01-01,History,51
1963-01-01,Horror,81
1963-01-01,Music,57
1963-01-01,Musical,79
1963-01-01,Mystery,67
1963-01-01,News,8
1963-01-01,Reality-TV,12
1963-01-01,Romance,168
1963-01-01,Sci-Fi,65
1963-01-01,Short,341
1963-01-01,Sport,13
1963-01-01,Talk-Show,12
1963-01-01,Thriller,116
1963-01-01,War,67
1963-01-01,Western,33
1964-01-01,Action,135
1964-01-01,Adult,33
1964-01-01,Adventure,161
1964-01-01,Animation,129
1964-01-01,Biography,39
1964-01-01,Comedy,522
1964-01-01,Crime,146
1964-01-01,Documentary,202
1964-01-01,Drama,693
1964-01-01,Family,149
1964-01-01,Fantasy,70
1964-01-01,Game-Show,13
1964-01-01,History,48
1964-01-01,Horror,80
1964-01-01,Music,72
1964-01-01,Musical,94
1964-01-01,Mystery,85
1964-01-01,News,7
1964-01-01,Reality-TV,10
1964-01-01,Romance,207
1964-01-01,Sci-Fi,70
1964-01-01,Short,365
1964-01-01,Sport,17
1964-01-01,Talk-Show,13
1964-01-01,Thriller,133
1964-01-01,War,92
1964-01-01,Western,66
1965-01-01,Action,143
1965-01-01,Adult,28
1965-01-01,Adventure,164
1965-01-01,Animation,174
1965-01-01,Biography,44
1965-01-01,Comedy,545
1965-01-01,Crime,131
1965-01-01,Documentary,207
1965-01-01,Drama,712
1965-01-01,Family,184
1965-01-01,Fantasy,73
1965-01-01,Game-Show,14
1965-01-01,History,52
1965-01-01,Horror,92
1965-01-01,Music,72
1965-01-01,Musical,88
1965-01-01,Mystery,83
1965-01-01,News,9
1965-01-01,Reality-TV,6
1965-01-01,Romance,204
1965-01-01,Sci-Fi,80
1965-01-01,Short,447
1965-01-01,Sport,26
1965-01-01,Talk-Show,8
1965-01-01,Thriller,138
1965-01-01,War,76
1965-01-01,Western,85
1966-01-01,Action,179
1966-01-01,Adult,25
1966-01-01,Adventure,209
1966-01-01,Animation,182
1966-01-01,Biography,36
1966-01-01,Comedy,508
1966-01-01,Crime,169
1966-01-01,Documentary,185
1966-01-01,Drama,674
1966-01-01,Family,167
1966-01-01,Fantasy,80
1966-01-01,Game-Show,10
1966-01-01,History,38
1966-01-01,Horror,103
1966-01-01,Music,63
1966-01-01,Musical,82
1966-01-01,Mystery,75
1966-01-01,News,7
1966-01-01,Reality-TV,6
1966-01-01,Romance,194
1966-01-01,Sci-Fi,109
1966-01-01,Short,443
1966-01-01,Sport,21
1966-01-01,Talk-Show,12
1966-01-01,Thriller,129
1966-01-01,War,64
1966-01-01,Western,98
1967-01-01,Action,197
1967-01-01,Adult,35
1967-01-01,Adventure,224
1967-01-01,Animation,197
1967-01-01,Biography,31
1967-01-01,Comedy,582
1967-01-01,Crime,214
1967-01-01,Documentary,210
1967-01-01,Drama,774
1967-01-01,Family,176
1967-01-01,Fantasy,98
1967-01-01,Game-Show,9
1967-01-01,History,47
1967-01-01,Horror,92
1967-01-01,Music,67
1967-01-01,Musical,101
1967-01-01,Mystery,95
1967-01-01,News,16
1967-01-01,Reality-TV,10
1967-01-01,Romance,232
1967-01-01,Sci-Fi,103
1967-01-01,Short,469
1967-01-01,Sport,25
1967-01-01,Talk-Show,16
1967-01-01,Thriller,183
1967-01-01,War,67
1967-01-01,Western,108
1968-01-01,Action,196
1968-01-01,Adult,43
1968-01-01,Adventure,196
1968-01-01,Animation,183
1968-01-01,Biography,30
1968-01-01,Comedy,540
1968-01-01,Crime,192
1968-01-01,Documentary,216
1968-01-01,Drama,837
1968-01-01,Family,139
1968-01-01,Fantasy,98
1968-01-01,Game-Show,4
1968-01-01,History,44
1968-01-01,Horror,128
1968-01-01,Music,75
1968-01-01,Musical,79
1968-01-01,Mystery,83
1968-01-01,News,12
1968-01-01,Reality-TV,4
1968-01-01,Romance,216
1968-01-01,Sci-Fi,76
1968-01-01,Short,443
1968-01-01,Sport,27
1968-01-01,Talk-Show,14
1968-01-01,Thriller,172
1968-01-01,War,90
1968-01-01,Western,115
1969-01-01,Action,184
1969-01-01,Adult,45
1969-01-01,Adventure,152
1969-01-01,Animation,160
1969-01-01,Biography,34
1969-01-01,Comedy,557
1969-01-01,Crime,185
1969-01-01,Documentary,196
1969-01-01,Drama,882
1969-01-01,Family,162
1969-01-01,Fantasy,85
1969-01-01,Game-Show,9
1969-01-01,History,61
1969-01-01,Horror,118
1969-01-01,Music,68
1969-01-01,Musical,66
1969-01-01,Mystery,74
1969-01-01,News,13
1969-01-01,Reality-TV,6
1969-01-01,Romance,202
1969-01-01,Sci-Fi,91
1969-01-01,Short,450
1969-01-01,Sport,27
1969-01-01,Talk-Show,9
1969-01-01,Thriller,157
1969-01-01,War,77
1969-01-01,Western,79
1970-01-01,Action,182
1970-01-01,Adult,76
1970-01-01,Adventure,176
1970-01-01,Animation,148
1970-01-01,Biography,50
1970-01-01,Comedy,577
1970-01-01,Crime,162
1970-01-01,Documentary,259
1970-01-01,Drama,868
1970-01-01,Family,181
1970-01-01,Fantasy,112
1970-01-01,Game-Show,12
1970-01-01,History,61
1970-01-01,Horror,149
1970-01-01,Music,93
1970-01-01,Musical,85
1970-01-01,Mystery,85
1970-01-01,News,16
1970-01-01,Reality-TV,7
1970-01-01,Romance,226
1970-01-01,Sci-Fi,93
1970-01-01,Short,419
1970-01-01,Sport,28
1970-01-01,Talk-Show,16
1970-01-01,Thriller,157
1970-01-01,War,96
1970-01-01,Western,83
1971-01-01,Action,224
1971-01-01,Adult,144
1971-01-01,Adventure,166
1971-01-01,Animation,161
1971-01-01,Biography,42
1971-01-01,Comedy,615
1971-01-01,Crime,215
1971-01-01,Documentary,249
1971-01-01,Drama,897
1971-01-01,Family,164
1971-01-01,Fantasy,98
1971-01-01,Game-Show,8
1971-01-01,History,60
1971-01-01,Horror,171
1971-01-01,Music,96
1971-01-01,Musical,75
1971-01-01,Mystery,128
1971-01-01,News,10
1971-01-01,Reality-TV,7
1971-01-01,Romance,229
1971-01-01,Sci-Fi,94
1971-01-01,Short,464
1971-01-01,Sport,29
1971-01-01,Talk-Show,11
1971-01-01,Thriller,227
1971-01-01,War,71
1971-01-01,Western,104
1972-01-01,Action,278
1972-01-01,Adult,127
1972-01-01,Adventure,168
1972-01-01,Animation,149
1972-01-01,Biography,48
1972-01-01,Comedy,581
1972-01-01,Crime,222
1972-01-01,Documentary,239
1972-01-01,Drama,917
1972-01-01,Family,203
1972-01-01,Fantasy,105
1972-01-01,Game-Show,11
1972-01-01,History,83
1972-01-01,Horror,189
1972-01-01,Music,81
1972-01-01,Musical,83
1972-01-01,Mystery,112
1972-01-01,News,15
1972-01-01,Reality-TV,11
1972-01-01,Romance,196
1972-01-01,Sci-Fi,90
1972-01-01,Short,432
1972-01-01,Sport,44
1972-01-01,Talk-Show,14
1972-01-01,Thriller,225
1972-01-01,War,54
1972-01-01,Western,101
1973-01-01,Action,293
1973-01-01,Adult,122
1973-01-01,Adventure,137
1973-01-01,Animation,152
1973-01-01,Biography,74
1973-01-01,Comedy,549
1973-01-01,Crime,266
1973-01-01,Documentary,222
1973-01-01,Drama,884
1973-01-01,Family,170
1973-01-01,Fantasy,93
1973-01-01,Game-Show,3
1973-01-01,History,49
1973-01-01,Horror,193
1973-01-01,Music,91
1973-01-01,Musical,64
1973-01-01,Mystery,101
1973-01-01,News,5
1973-01-01,Reality-TV,5
1973-01-01,Romance,174
1973-01-01,Sci-Fi,100
1973-01-01,Short,384
1973-01-01,Sport,38
1973-01-01,Talk-Show,11
1973-01-01,Thriller,240
1973-01-01,War,48
1973-01-01,Western,56
1974-01-01,Action,311
1974-01-01,Adult,132
1974-01-01,Adventure,153
1974-01-01,Animation,135
1974-01-01,Biography,61
1974-01-01,Comedy,581
1974-01-01,Crime,250
1974-01-01,Documentary,222
1974-01-01,Drama,937
1974-01-01,Family,178
1974-01-01,Fantasy,102
1974-01-01,Game-Show,15
1974-01-01,History,60
1974-01-01,Horror,166
1974-01-01,Music,76
1974-01-01,Musical,67
1974-01-01,Mystery,95
1974-01-01,News,10
1974-01-01,Reality-TV,8
1974-01-01,Romance,196
1974-01-01,Sci-Fi,91
1974-01-01,Short,374
1974-01-01,Sport,29
1974-01-01,Talk-Show,16
1974-01-01,Thriller,238
1974-01-01,War,54
1974-01-01,Western,44
1975-01-01,Action,230
1975-01-01,Adult,172
1975-01-01,Adventure,159
1975-01-01,Animation,145
1975-01-01,Biography,60
1975-01-01,Comedy,622
1975-01-01,Crime,223
1975-01-01,Documentary,242
1975-01-01,Drama,885
1975-01-01,Family,180
1975-01-01,Fantasy,86
1975-01-01,Game-Show,13
1975-01-01,History,58
1975-01-01,Horror,144
1975-01-01,Music,73
1975-01-01,Musical,62
1975-01-01,Mystery,115
1975-01-01,News,11
1975-01-01,Reality-TV,5
1975-01-01,Romance,175
1975-01-01,Sci-Fi,94
1975-01-01,Short,367
1975-01-01,Sport,29
1975-01-01,Talk-Show,13
1975-01-01,Thriller,214
1975-01-01,War,68
1975-01-01,Western,57
1976-01-01,Action,273
1976-01-01,Adult,202
1976-01-01,Adventure,150
1976-01-01,Animation,134
1976-01-01,Biography,55
1976-01-01,Comedy,589
1976-01-01,Crime,250
1976-01-01,Documentary,236
1976-01-01,Drama,891
1976-01-01,Family,189
1976-01-01,Fantasy,93
1976-01-01,Game-Show,12
1976-01-01,History,62
1976-01-01,Horror,134
1976-01-01,Music,95
1976-01-01,Musical,60
1976-01-01,Mystery,96
1976-01-01,News,9
1976-01-01,Reality-TV,6
1976-01-01,Romance,168
1976-01-01,Sci-Fi,76
1976-01-01,Short,381
1976-01-01,Sport,37
1976-01-01,Talk-Show,17
1976-01-01,Thriller,216
1976-01-01,War,70
1976-01-01,Western,51
1977-01-01,Action,299
1977-01-01,Adult,150
1977-01-01,Adventure,157
1977-01-01,Animation,141
1977-01-01,Biography,60
1977-01-01,Comedy,546
1977-01-01,Crime,216
1977-01-01,Documentary,221
1977-01-01,Drama,869
1977-01-01,Family,205
1977-01-01,Fantasy,99
1977-01-01,Game-Show,11
1977-01-01,History,47
1977-01-01,Horror,136
1977-01-01,Music,87
1977-01-01,Musical,60
1977-01-01,Mystery,91
1977-01-01,News,8
1977-01-01,Reality-TV,8
1977-01-01,Romance,170
1977-01-01,Sci-Fi,96
1977-01-01,Short,349
1977-01-01,Sport,42
1977-01-01,Talk-Show,11
1977-01-01,Thriller,211
1977-01-01,War,59
1977-01-01,Western,30
1978-01-01,Action,253
1978-01-01,Adult,157
1978-01-01,Adventure,159
1978-01-01,Animation,219
1978-01-01,Biography,67
1978-01-01,Comedy,585
1978-01-01,Crime,179
1978-01-01,Documentary,254
1978-01-01,Drama,925
1978-01-01,Family,228
1978-01-01,Fantasy,105
1978-01-01,Game-Show,13
1978-01-01,History,82
1978-01-01,Horror,119
1978-01-01,Music,101
1978-01-01,Musical,73
1978-01-01,Mystery,82
1978-01-01,News,8
1978-01-01,Reality-TV,9
1978-01-01,Romance,201
1978-01-01,Sci-Fi,115
1978-01-01,Short,416
1978-01-01,Sport,42
1978-01-01,Talk-Show,9
1978-01-01,Thriller,181
1978-01-01,War,59
1978-01-01,Western,31
1979-01-01,Action,336
1979-01-01,Adult,170
1979-01-01,Adventure,185
1979-01-01,Animation,189
1979-01-01,Biography,54
1979-01-01,Comedy,623
1979-01-01,Crime,191
1979-01-01,Documentary,260
1979-01-01,Drama,969
1979-01-01,Family,200
1979-01-01,Fantasy,126
1979-01-01,Game-Show,16
1979-01-01,History,60
1979-01-01,Horror,123
1979-01-01,Music,93
1979-01-01,Musical,52
1979-01-01,Mystery,102
1979-01-01,News,10
1979-01-01,Reality-TV,11
1979-01-01,Romance,189
1979-01-01,Sci-Fi,126
1979-01-01,Short,388
1979-01-01,Sport,53
1979-01-01,Talk-Show,10
1979-01-01,Thriller,209
1979-01-01,War,70
1979-01-01,Western,37
1980-01-01,Action,325
1980-01-01,Adult,154
1980-01-01,Adventure,156
1980-01-01,Animation,187
1980-01-01,Biography,73
1980-01-01,Comedy,660
1980-01-01,Crime,194
1980-01-01,Documentary,235
1980-01-01,Drama,963
1980-01-01,Family,219
1980-01-01,Fantasy,103
1980-01-01,Game-Show,13
1980-01-01,History,56
1980-01-01,Horror,164
1980-01-01,Music,116
1980-01-01,Musical,64
1980-01-01,Mystery,102
1980-01-01,News,15
1980-01-01,Reality-TV,9
1980-01-01,Romance,200
1980-01-01,Sci-Fi,132
1980-01-01,Short,417
1980-01-01,Sport,36
1980-01-01,Talk-Show,14
1980-01-01,Thriller,223
1980-01-01,War,67
1980-01-01,Western,23
1981-01-01,Action,279
1981-01-01,Adult,193
1981-01-01,Adventure,170
1981-01-01,Animation,164
1981-01-01,Biography,79
1981-01-01,Comedy,637
1981-01-01,Crime,181
1981-01-01,Documentary,233
1981-01-01,Drama,918
1981-01-01,Family,230
1981-01-01,Fantasy,119
1981-01-01,Game-Show,13
1981-01-01,History,81
1981-01-01,Horror,169
1981-01-01,Music,101
1981-01-01,Musical,73
1981-01-01,Mystery,104
1981-01-01,News,18
1981-01-01,Reality-TV,10
1981-01-01,Romance,212
1981-01-01,Sci-Fi,123
1981-01-01,Short,355
1981-01-01,Sport,28
1981-01-01,Talk-Show,9
1981-01-01,Thriller,204
1981-01-01,War,70
1981-01-01,Western,18
1982-01-01,Action,288
1982-01-01,Adult,166
1982-01-01,Adventure,152
1982-01-01,Animation,188
1982-01-01,Biography,66
1982-01-01,Comedy,666
1982-01-01,Crime,172
1982-01-01,Documentary,256
1982-01-01,Drama,919
1982-01-01,Family,269
1982-01-01,Fantasy,131
1982-01-01,Game-Show,10
1982-01-01,History,65
1982-01-01,Horror,163
1982-01-01,Music,112
1982-01-01,Musical,72
1982-01-01,Mystery,83
1982-01-01,News,18
1982-01-01,Reality-TV,11
1982-01-01,Romance,222
1982-01-01,Sci-Fi,132
1982-01-01,Short,378
1982-01-01,Sport,31
1982-01-01,Talk-Show,18
1982-01-01,Thriller,194
1982-01-01,War,59
1982-01-01,Western,19
1983-01-01,Action,335
1983-01-01,Adult,224
1983-01-01,Adventure,167
1983-01-01,Animation,194
1983-01-01,Biography,60
1983-01-01,Comedy,682
1983-01-01,Crime,205
1983-01-01,Documentary,311
1983-01-01,Drama,999
1983-01-01,Family,238
1983-01-01,Fantasy,149
1983-01-01,Game-Show,16
1983-01-01,History,68
1983-01-01,Horror,148
1983-01-01,Music,131
1983-01-01,Musical,73
1983-01-01,Mystery,107
1983-01-01,News,12
1983-01-01,Reality-TV,16
1983-01-01,Romance,218
1983-01-01,Sci-Fi,129
1983-01-01,Short,397
1983-01-01,Sport,53
1983-01-01,Talk-Show,19
1983-01-01,Thriller,216
1983-01-01,War,74
1983-01-01,Western,20
1984-01-01,Action,315
1984-01-01,Adult,301
1984-01-01,Adventure,155
1984-01-01,Animation,198
1984-01-01,Biography,65
1984-01-01,Comedy,739
1984-01-01,Crime,199
1984-01-01,Documentary,304
1984-01-01,Drama,1019
1984-01-01,Family,271
1984-01-01,Fantasy,149
1984-01-01,Game-Show,23
1984-01-01,History,71
1984-01-01,Horror,137
1984-01-01,Music,160
1984-01-01,Musical,63
1984-01-01,Mystery,106
1984-01-01,News,16
1984-01-01,Reality-TV,11
1984-01-01,Romance,240
1984-01-01,Sci-Fi,138
1984-01-01,Short,431
1984-01-01,Sport,57
1984-01-01,Talk-Show,19
1984-01-01,Thriller,239
1984-01-01,War,73
1984-01-01,Western,19
1985-01-01,Action,366
1985-01-01,Adult,405
1985-01-01,Adventure,204
1985-01-01,Animation,223
1985-01-01,Biography,64
1985-01-01,Comedy,780
1985-01-01,Crime,237
1985-01-01,Documentary,313
1985-01-01,Drama,1018
1985-01-01,Family,263
1985-01-01,Fantasy,181
1985-01-01,Game-Show,20
1985-01-01,History,50
1985-01-01,Horror,172
1985-01-01,Music,183
1985-01-01,Musical,61
1985-01-01,Mystery,121
1985-01-01,News,11
1985-01-01,Reality-TV,19
1985-01-01,Romance,284
1985-01-01,Sci-Fi,167
1985-01-01,Short,465
1985-01-01,Sport,57
1985-01-01,Talk-Show,24
1985-01-01,Thriller,240
1985-01-01,War,89
1985-01-01,Western,21
1986-01-01,Action,386
1986-01-01,Adult,392
1986-01-01,Adventure,188
1986-01-01,Animation,247
1986-01-01,Biography,65
1986-01-01,Comedy,786
1986-01-01,Crime,250
1986-01-01,Documentary,286
1986-01-01,Drama,1053
1986-01-01,Family,274
1986-01-01,Fantasy,172
1986-01-01,Game-Show,21
1986-01-01,History,59
1986-01-01,Horror,207
1986-01-01,Music,137
1986-01-01,Musical,71
1986-01-01,Mystery,112
1986-01-01,News,15
1986-01-01,Reality-TV,21
1986-01-01,Romance,236
1986-01-01,Sci-Fi,183
1986-01-01,Short,475
1986-01-01,Sport,66
1986-01-01,Talk-Show,11
1986-01-01,Thriller,261
1986-01-01,War,72
1986-01-01,Western,20
1987-01-01,Action,421
1987-01-01,Adult,341
1987-01-01,Adventure,205
1987-01-01,Animation,272
1987-01-01,Biography,83
1987-01-01,Comedy,870
1987-01-01,Crime,283
1987-01-01,Documentary,364
1987-01-01,Drama,1178
1987-01-01,Family,265
1987-01-01,Fantasy,196
1987-01-01,Game-Show,23
1987-01-01,History,68
1987-01-01,Horror,240
1987-01-01,Music,152
1987-01-01,Musical,66
1987-01-01,Mystery,135
1987-01-01,News,24
1987-01-01,Reality-TV,19
1987-01-01,Romance,267
1987-01-01,Sci-Fi,205
1987-01-01,Short,537
1987-01-01,Sport,61
1987-01-01,Talk-Show,27
1987-01-01,Thriller,304
1987-01-01,War,91
1987-01-01,Western,23
1988-01-01,Action,443
1988-01-01,Adult,317
1988-01-01,Adventure,209
1988-01-01,Animation,221
1988-01-01,Biography,74
1988-01-01,Comedy,826
1988-01-01,Crime,264
1988-01-01,Documentary,328
1988-01-01,Drama,1084
1988-01-01,Family,244
1988-01-01,Fantasy,187
1988-01-01,Game-Show,20
1988-01-01,History,63
1988-01-01,Horror,279
1988-01-01,Music,141
1988-01-01,Musical,62
1988-01-01,Mystery,126
1988-01-01,News,25
1988-01-01,Reality-TV,13
1988-01-01,Romance,273
1988-01-01,Sci-Fi,189
1988-01-01,Short,544
1988-01-01,Sport,66
1988-01-01,Talk-Show,21
1988-01-01,Thriller,310
1988-01-01,War,91
1988-01-01,Western,24
1989-01-01,Action,487
1989-01-01,Adult,367
1989-01-01,Adventure,215
1989-01-01,Animation,218
1989-01-01,Biography,68
1989-01-01,Comedy,871
1989-01-01,Crime,304
1989-01-01,Documentary,375
1989-01-01,Drama,1157
1989-01-01,Family,270
1989-01-01,Fantasy,184
1989-01-01,Game-Show,27
1989-01-01,History,80
1989-01-01,Horror,285
1989-01-01,Music,141
1989-01-01,Musical,61
1989-01-01,Mystery,155
1989-01-01,News,18
1989-01-01,Reality-TV,28
1989-01-01,Romance,240
1989-01-01,Sci-Fi,192
1989-01-01,Short,570
1989-01-01,Sport,69
1989-01-01,Talk-Show,17
1989-01-01,Thriller,345
1989-01-01,War,95
1989-01-01,Western,19
1990-01-01,Action,485
1990-01-01,Adult,356
1990-01-01,Adventure,230
1990-01-01,Animation,247
1990-01-01,Biography,93
1990-01-01,Comedy,876
1990-01-01,Crime,313
1990-01-01,Documentary,397
1990-01-01,Drama,1161
1990-01-01,Family,281
1990-01-01,Fantasy,211
1990-01-01,Game-Show,31
1990-01-01,History,66
1990-01-01,Horror,263
1990-01-01,Music,185
1990-01-01,Musical,73
1990-01-01,Mystery,144
1990-01-01,News,25
1990-01-01,Reality-TV,26
1990-01-01,Romance,269
1990-01-01,Sci-Fi,187
1990-01-01,Short,587
1990-01-01,Sport,65
1990-01-01,Talk-Show,26
1990-01-01,Thriller,355
1990-01-01,War,76
1990-01-01,Western,18
1991-01-01,Action,493
1991-01-01,Adult,319
1991-01-01,Adventure,227
1991-01-01,Animation,260
1991-01-01,Biography,91
1991-01-01,Comedy,927
1991-01-01,Crime,273
1991-01-01,Documentary,456
1991-01-01,Drama,1222
1991-01-01,Family,261
1991-01-01,Fantasy,200
1991-01-01,Game-Show,23
1991-01-01,History,66
1991-01-01,Horror,244
1991-01-01,Music,196
1991-01-01,Musical,67
1991-01-01,Mystery,153
1991-01-01,News,21
1991-01-01,Reality-TV,26
1991-01-01,Romance,297
1991-01-01,Sci-Fi,201
1991-01-01,Short,609
1991-01-01,Sport,72
1991-01-01,Talk-Show,33
1991-01-01,Thriller,356
1991-01-01,War,60
1991-01-01,Western,32
1992-01-01,Action,461
1992-01-01,Adult,382
1992-01-01,Adventure,224
1992-01-01,Animation,262
1992-01-01,Biography,98
1992-01-01,Comedy,944
1992-01-01,Crime,280
1992-01-01,Documentary,501
1992-01-01,Drama,1116
1992-01-01,Family,247
1992-01-01,Fantasy,196
1992-01-01,Game-Show,25
1992-01-01,History,85
1992-01-01,Horror,217
1992-01-01,Music,182
1992-01-01,Musical,61
1992-01-01,Mystery,136
1992-01-01,News,31
1992-01-01,Reality-TV,17
1992-01-01,Romance,310
1992-01-01,Sci-Fi,161
1992-01-01,Short,634
1992-01-01,Sport,86
1992-01-01,Talk-Show,35
1992-01-01,Thriller,381
1992-01-01,War,59
1992-01-01,Western,26
1993-01-01,Action,505
1993-01-01,Adult,452
1993-01-01,Adventure,247
1993-01-01,Animation,264
1993-01-01,Biography,118
1993-01-01,Comedy,909
1993-01-01,Crime,288
1993-01-01,Documentary,516
1993-01-01,Drama,1246
1993-01-01,Family,281
1993-01-01,Fantasy,189
1993-01-01,Game-Show,20
1993-01-01,History,90
1993-01-01,Horror,238
1993-01-01,Music,181
1993-01-01,Musical,58
1993-01-01,Mystery,161
1993-01-01,News,26
1993-01-01,Reality-TV,20
1993-01-01,Romance,318
1993-01-01,Sci-Fi,219
1993-01-01,Short,679
1993-01-01,Sport,77
1993-01-01,Talk-Show,34
1993-01-01,Thriller,422
1993-01-01,War,72
1993-01-01,Western,28
1994-01-01,Action,524
1994-01-01,Adult,448
1994-01-01,Adventure,278
1994-01-01,Animation,308
1994-01-01,Biography,111
1994-01-01,Comedy,988
1994-01-01,Crime,289
1994-01-01,Documentary,572
1994-01-01,Drama,1270
1994-01-01,Family,317
1994-01-01,Fantasy,231
1994-01-01,Game-Show,29
1994-01-01,History,76
1994-01-01,Horror,225
1994-01-01,Music,181
1994-01-01,Musical,58
1994-01-01,Mystery,172
1994-01-01,News,19
1994-01-01,Reality-TV,30
1994-01-01,Romance,330
1994-01-01,Sci-Fi,247
1994-01-01,Short,772
1994-01-01,Sport,100
1994-01-01,Talk-Show,44
1994-01-01,Thriller,425
1994-01-01,War,71
1994-01-01,Western,45
1995-01-01,Action,545
1995-01-01,Adult,498
1995-01-01,Adventure,260
1995-01-01,Animation,309
1995-01-01,Biography,135
1995-01-01,Comedy,1077
1995-01-01,Crime,301
1995-01-01,Documentary,659
1995-01-01,Drama,1396
1995-01-01,Family,290
1995-01-01,Fantasy,234
1995-01-01,Game-Show,27
1995-01-01,History,87
1995-01-01,Horror,256
1995-01-01,Music,208
1995-01-01,Musical,65
1995-01-01,Mystery,172
1995-01-01,News,30
1995-01-01,Reality-TV,34
1995-01-01,Romance,412
1995-01-01,Sci-Fi,250
1995-01-01,Short,798
1995-01-01,Sport,96
1995-01-01,Talk-Show,46
1995-01-01,Thriller,473
1995-01-01,War,75
1995-01-01,Western,50
1996-01-01,Action,549
1996-01-01,Adult,347
1996-01-01,Adventure,273
1996-01-01,Animation,329
1996-01-01,Biography,130
1996-01-01,Comedy,1095
1996-01-01,Crime,329
1996-01-01,Documentary,747
1996-01-01,Drama,1486
1996-01-01,Family,324
1996-01-01,Fantasy,232
1996-01-01,Game-Show,27
1996-01-01,History,95
1996-01-01,Horror,269
1996-01-01,Music,190
1996-01-01,Musical,68
1996-01-01,Mystery,186
1996-01-01,News,35
1996-01-01,Reality-TV,34
1996-01-01,Romance,429
1996-01-01,Sci-Fi,285
1996-01-01,Short,966
1996-01-01,Sport,116
1996-01-01,Talk-Show,49
1996-01-01,Thriller,486
1996-01-01,War,61
1996-01-01,Western,19
1997-01-01,Action,535
1997-01-01,Adult,389
1997-01-01,Adventure,259
1997-01-01,Animation,357
1997-01-01,Biography,104
1997-01-01,Comedy,1241
1997-01-01,Crime,351
1997-01-01,Documentary,799
1997-01-01,Drama,1518
1997-01-01,Family,334
1997-01-01,Fantasy,250
1997-01-01,Game-Show,26
1997-01-01,History,113
1997-01-01,Horror,275
1997-01-01,Music,233
1997-01-01,Musical,83
1997-01-01,Mystery,176
1997-01-01,News,30
1997-01-01,Reality-TV,32
1997-01-01,Romance,464
1997-01-01,Sci-Fi,278
1997-01-01,Short,1010
1997-01-01,Sport,106
1997-01-01,Talk-Show,45
1997-01-01,Thriller,490
1997-01-01,War,83
1997-01-01,Western,19
1998-01-01,Action,536
1998-01-01,Adult,380
1998-01-01,Adventure,305
1998-01-01,Animation,385
1998-01-01,Biography,144
1998-01-01,Comedy,1367
1998-01-01,Crime,380
1998-01-01,Documentary,1009
1998-01-01,Drama,1690
1998-01-01,Family,366
1998-01-01,Fantasy,258
1998-01-01,Game-Show,37
1998-01-01,History,103
1998-01-01,Horror,308
1998-01-01,Music,247
1998-01-01,Musical,76
1998-01-01,Mystery,215
1998-01-01,News,31
1998-01-01,Reality-TV,53
1998-01-01,Romance,488
1998-01-01,Sci-Fi,284
1998-01-01,Short,1248
1998-01-01,Sport,129
1998-01-01,Talk-Show,54
1998-01-01,Thriller,516
1998-01-01,War,95
1998-01-01,Western,26
1999-01-01,Action,654
1999-01-01,Adult,429
1999-01-01,Adventure,336
1999-01-01,Animation,492
1999-01-01,Biography,136
1999-01-01,Comedy,1524
1999-01-01,Crime,378
1999-01-01,Documentary,1107
1999-01-01,Drama,1864
1999-01-01,Family,431
1999-01-01,Fantasy,299
1999-01-01,Game-Show,43
1999-01-01,History,140
1999-01-01,Horror,393
1999-01-01,Music,275
1999-01-01,Musical,67
1999-01-01,Mystery,219
1999-01-01,News,40
1999-01-01,Reality-TV,46
1999-01-01,Romance,522
1999-01-01,Sci-Fi,362
1999-01-01,Short,1488
1999-01-01,Sport,143
1999-01-01,Talk-Show,57
1999-01-01,Thriller,600
1999-01-01,War,107
1999-01-01,Western,34
2000-01-01,Action,643
2000-01-01,Adult,423
2000-01-01,Adventure,335
2000-01-01,Animation,538
2000-01-01,Biography,171
2000-01-01,Comedy,1602
2000-01-01,Crime,431
2000-01-01,Documentary,1331
2000-01-01,Drama,1970
2000-01-01,Family,480
2000-01-01,Fantasy,340
2000-01-01,Game-Show,48
2000-01-01,History,132
2000-01-01,Horror,445
2000-01-01,Music,347
2000-01-01,Musical,107
2000-01-01,Mystery,275
2000-01-01,News,28
2000-01-01,Reality-TV,73
2000-01-01,Romance,635
2000-01-01,Sci-Fi,320
2000-01-01,Short,1788
2000-01-01,Sport,156
2000-01-01,Talk-Show,53
2000-01-01,Thriller,615
2000-01-01,War,93
2000-01-01,Western,26
2001-01-01,Action,697
2001-01-01,Adult,451
2001-01-01,Adventure,381
2001-01-01,Animation,526
2001-01-01,Biography,146
2001-01-01,Comedy,1811
2001-01-01,Crime,447
2001-01-01,Documentary,1538
2001-01-01,Drama,2118
2001-01-01,Family,471
2001-01-01,Fantasy,361
2001-01-01,Game-Show,62
2001-01-01,History,130
2001-01-01,Horror,433
2001-01-01,Music,359
2001-01-01,Musical,103
2001-01-01,Mystery,274
2001-01-01,News,44
2001-01-01,Reality-TV,103
2001-01-01,Romance,655
2001-01-01,Sci-Fi,351
2001-01-01,Short,1896
2001-01-01,Sport,160
2001-01-01,Talk-Show,64
2001-01-01,Thriller,593
2001-01-01,War,142
2001-01-01,Western,33
2002-01-01,Action,774
2002-01-01,Adult,466
2002-01-01,Adventure,410
2002-01-01,Animation,536
2002-01-01,Biography,168
2002-01-01,Comedy,2065
2002-01-01,Crime,517
2002-01-01,Documentary,1849
2002-01-01,Drama,2437
2002-01-01,Family,519
2002-01-01,Fantasy,418
2002-01-01,Game-Show,59
2002-01-01,History,128
2002-01-01,Horror,515
2002-01-01,Music,436
2002-01-01,Musical,119
2002-01-01,Mystery,346
2002-01-01,News,43
2002-01-01,Reality-TV,123
2002-01-01,Romance,710
2002-01-01,Sci-Fi,377
2002-01-01,Short,2388
2002-01-01,Sport,162
2002-01-01,Talk-Show,64
2002-01-01,Thriller,720
2002-01-01,War,132
2002-01-01,Western,33
2003-01-01,Action,862
2003-01-01,Adult,454
2003-01-01,Adventure,486
2003-01-01,Animation,609
2003-01-01,Biography,193
2003-01-01,Comedy,2420
2003-01-01,Crime,507
2003-01-01,Documentary,2250
2003-01-01,Drama,2728
2003-01-01,Family,549
2003-01-01,Fantasy,424
2003-01-01,Game-Show,66
2003-01-01,History,162
2003-01-01,Horror,561
2003-01-01,Music,520
2003-01-01,Musical,129
2003-01-01,Mystery,374
2003-01-01,News,48
2003-01-01,Reality-TV,170
2003-01-01,Romance,775
2003-01-01,Sci-Fi,419
2003-01-01,Short,2767
2003-01-01,Sport,172
2003-01-01,Talk-Show,83
2003-01-01,Thriller,713
2003-01-01,War,147
2003-01-01,Western,40
2004-01-01,Action,819
2004-01-01,Adult,514
2004-01-01,Adventure,432
2004-01-01,Animation,584
2004-01-01,Biography,169
2004-01-01,Comedy,2605
2004-01-01,Crime,458
2004-01-01,Documentary,2611
2004-01-01,Drama,2896
2004-01-01,Family,502
2004-01-01,Fantasy,413
2004-01-01,Game-Show,56
2004-01-01,History,185
2004-01-01,Horror,690
2004-01-01,Music,549
2004-01-01,Musical,137
2004-01-01,Mystery,368
2004-01-01,News,56
2004-01-01,Reality-TV,237
2004-01-01,Romance,794
2004-01-01,Sci-Fi,428
2004-01-01,Short,3388
2004-01-01,Sport,220
2004-01-01,Talk-Show,85
2004-01-01,Thriller,774
2004-01-01,War,188
2004-01-01,Western,29
2005-01-01,Action,854
2005-01-01,Adult,467
2005-01-01,Adventure,441
2005-01-01,Animation,631
2005-01-01,Biography,245
2005-01-01,Comedy,2792
2005-01-01,Crime,508
2005-01-01,Documentary,2643
2005-01-01,Drama,3313
2005-01-01,Family,564
2005-01-01,Fantasy,469
2005-01-01,Game-Show,77
2005-01-01,History,222
2005-01-01,Horror,766
2005-01-01,Music,584
2005-01-01,Musical,137
2005-01-01,Mystery,443
2005-01-01,News,76
2005-01-01,Reality-TV,351
2005-01-01,Romance,881
2005-01-01,Sci-Fi,435
2005-01-01,Short,3691
2005-01-01,Sport,271
2005-01-01,Talk-Show,121
2005-01-01,Thriller,851
2005-01-01,War,164
2005-01-01,Western,41
2006-01-01,Action,867
2006-01-01,Adult,471
2006-01-01,Adventure,488
2006-01-01,Animation,662
2006-01-01,Biography,237
2006-01-01,Comedy,2877
2006-01-01,Crime,569
2006-01-01,Documentary,2675
2006-01-01,Drama,3585
2006-01-01,Family,557
2006-01-01,Fantasy,441
2006-01-01,Game-Show,116
2006-01-01,History,256
2006-01-01,Horror,872
2006-01-01,Music,532
2006-01-01,Musical,138
2006-01-01,Mystery,426
2006-01-01,News,90
2006-01-01,Reality-TV,398
2006-01-01,Romance,840
2006-01-01,Sci-Fi,481
2006-01-01,Short,3687
2006-01-01,Sport,328
2006-01-01,Talk-Show,143
2006-01-01,Thriller,955
2006-01-01,War,196
2006-01-01,Western,42
2007-01-01,Action,816
2007-01-01,Adult,361
2007-01-01,Adventure,409
2007-01-01,Animation,635
2007-01-01,Biography,227
2007-01-01,Comedy,2779
2007-01-01,Crime,562
2007-01-01,Documentary,2536
2007-01-01,Drama,3481
2007-01-01,Family,470
2007-01-01,Fantasy,436
2007-01-01,Game-Show,93
2007-01-01,History,264
2007-01-01,Horror,879
2007-01-01,Music,453
2007-01-01,Musical,110
2007-01-01,Mystery,428
2007-01-01,News,82
2007-01-01,Reality-TV,411
2007-01-01,Romance,856
2007-01-01,Sci-Fi,488
2007-01-01,Short,3370
2007-01-01,Sport,260
2007-01-01,Talk-Show,106
2007-01-01,Thriller,929
2007-01-01,War,188
2007-01-01,Western,50
2008-01-01,Action,871
2008-01-01,Adult,305
2008-01-01,Adventure,447
2008-01-01,Animation,675
2008-01-01,Biography,254
2008-01-01,Comedy,2930
2008-01-01,Crime,595
2008-01-01,Documentary,2469
2008-01-01,Drama,3745
2008-01-01,Family,499
2008-01-01,Fantasy,472
2008-01-01,Game-Show,85
2008-01-01,History,256
2008-01-01,Horror,899
2008-01-01,Music,438
2008-01-01,Musical,162
2008-01-01,Mystery,411
2008-01-01,News,61
2008-01-01,Reality-TV,366
2008-01-01,Romance,876
2008-01-01,Sci-Fi,484
2008-01-01,Short,3628
2008-01-01,Sport,266
2008-01-01,Talk-Show,81
2008-01-01,Thriller,969
2008-01-01,War,211
2008-01-01,Western,62
2009-01-01,Action,969
2009-01-01,Adult,225
2009-01-01,Adventure,540
2009-01-01,Animation,666
2009-01-01,Biography,355
2009-01-01,Comedy,3374
2009-01-01,Crime,674
2009-01-01,Documentary,2615
2009-01-01,Drama,4282
2009-01-01,Family,603
2009-01-01,Fantasy,535
2009-01-01,Game-Show,65
2009-01-01,History,395
2009-01-01,Horror,1069
2009-01-01,Music,487
2009-01-01,Musical,163
2009-01-01,Mystery,539
2009-01-01,News,140
2009-01-01,Reality-TV,351
2009-01-01,Romance,923
2009-01-01,Sci-Fi,568
2009-01-01,Short,3878
2009-01-01,Sport,239
2009-01-01,Talk-Show,112
2009-01-01,Thriller,1174
2009-01-01,War,210
2009-01-01,Western,62
2010-01-01,Action,1143
2010-01-01,Adult,236
2010-01-01,Adventure,620
2010-01-01,Animation,747
2010-01-01,Biography,428
2010-01-01,Comedy,3485
2010-01-01,Crime,613
2010-01-01,Documentary,2562
2010-01-01,Drama,4427
2010-01-01,Family,720
2010-01-01,Fantasy,609
2010-01-01,Game-Show,51
2010-01-01,History,451
2010-01-01,Horror,1084
2010-01-01,Music,505
2010-01-01,Musical,163
2010-01-01,Mystery,549
2010-01-01,News,162
2010-01-01,Reality-TV,369
2010-01-01,Romance,989
2010-01-01,Sci-Fi,576
2010-01-01,Short,4041
2010-01-01,Sport,278
2010-01-01,Talk-Show,96
2010-01-01,Thriller,1166
2010-01-01,War,250
2010-01-01,Western,86
2011-01-01,Action,1089
2011-01-01,Adult,180
2011-01-01,Adventure,588
2011-01-01,Animation,717
2011-01-01,Biography,449
2011-01-01,Comedy,3524
2011-01-01,Crime,625
2011-01-01,Documentary,2591
2011-01-01,Drama,4346
2011-01-01,Family,677
2011-01-01,Fantasy,581
2011-01-01,Game-Show,55
2011-01-01,History,413
2011-01-01,Horror,1083
2011-01-01,Music,545
2011-01-01,Musical,170
2011-01-01,Mystery,510
2011-01-01,News,211
2011-01-01,Reality-TV,419
2011-01-01,Romance,926
2011-01-01,Sci-Fi,599
2011-01-01,Short,4016
2011-01-01,Sport,238
2011-01-01,Talk-Show,120
2011-01-01,Thriller,1136
2011-01-01,War,202
2011-01-01,Western,66
2012-01-01,Action,1036
2012-01-01,Adult,139
2012-01-01,Adventure,524
2012-01-01,Animation,665
2012-01-01,Biography,469
2012-01-01,Comedy,3288
2012-01-01,Crime,563
2012-01-01,Documentary,2368
2012-01-01,Drama,4082
2012-01-01,Family,680
2012-01-01,Fantasy,515
2012-01-01,Game-Show,46
2012-01-01,History,426
2012-01-01,Horror,1081
2012-01-01,Music,468
2012-01-01,Musical,148
2012-01-01,Mystery,451
2012-01-01,News,189
2012-01-01,Reality-TV,360
2012-01-01,Romance,909
2012-01-01,Sci-Fi,566
2012-01-01,Short,3495
2012-01-01,Sport,226
2012-01-01,Talk-Show,108
2012-01-01,Thriller,1103
2012-01-01,War,176
2012-01-01,Western,69
2013-01-01,Action,879
2013-01-01,Adult,77
2013-01-01,Adventure,516
2013-01-01,Animation,566
2013-01-01,Biography,480
2013-01-01,Comedy,2874
2013-01-01,Crime,546
2013-01-01,Documentary,2004
2013-01-01,Drama,3704
2013-01-01,Family,656
2013-01-01,Fantasy,476
2013-01-01,Game-Show,46
2013-01-01,History,412
2013-01-01,Horror,838
2013-01-01,Music,393
2013-01-01,Musical,118
2013-01-01,Mystery,407
2013-01-01,News,183
2013-01-01,Reality-TV,340
2013-01-01,Romance,846
2013-01-01,Sci-Fi,520
2013-01-01,Short,2629
2013-01-01,Sport,193
2013-01-01,Talk-Show,84
2013-01-01,Thriller,1004
2013-01-01,War,180
2013-01-01,Western,50
2014-01-01,Action,579
2014-01-01,Adult,24
2014-01-01,Adventure,323
2014-01-01,Animation,386
2014-01-01,Biography,279
2014-01-01,Comedy,1753
2014-01-01,Crime,338
2014-01-01,Documentary,1052
2014-01-01,Drama,2313
2014-01-01,Family,402
2014-01-01,Fantasy,263
2014-01-01,Game-Show,20
2014-01-01,History,248
2014-01-01,Horror,542
2014-01-01,Music,214
2014-01-01,Musical,83
2014-01-01,Mystery,287
2014-01-01,News,91
2014-01-01,Reality-TV,200
2014-01-01,Romance,583
2014-01-01,Sci-Fi,307
2014-01-01,Short,1077
2014-01-01,Sport,120
2014-01-01,Talk-Show,43
2014-01-01,Thriller,683
2014-01-01,War,105
2014-01-01,Western,32
